long,lat,vms-effort
-89.5,59.5,NA
-88.5,59.5,NA
-87.5,59.5,NA
-86.5,59.5,NA
-85.5,59.5,NA
-84.5,59.5,NA
-83.5,59.5,NA
-82.5,59.5,NA
-81.5,59.5,NA
-80.5,59.5,NA
-79.5,59.5,NA
-78.5,59.5,NA
-77.5,59.5,NA
-76.5,59.5,NA
-75.5,59.5,NA
-74.5,59.5,NA
-73.5,59.5,NA
-72.5,59.5,NA
-71.5,59.5,NA
-70.5,59.5,NA
-69.5,59.5,NA
-68.5,59.5,NA
-67.5,59.5,NA
-66.5,59.5,NA
-65.5,59.5,NA
-64.5,59.5,NA
-63.5,59.5,NA
-62.5,59.5,NA
-61.5,59.5,NA
-60.5,59.5,NA
-59.5,59.5,NA
-58.5,59.5,NA
-57.5,59.5,NA
-56.5,59.5,NA
-55.5,59.5,NA
-54.5,59.5,NA
-53.5,59.5,NA
-52.5,59.5,NA
-51.5,59.5,NA
-50.5,59.5,NA
-49.5,59.5,NA
-48.5,59.5,NA
-47.5,59.5,NA
-46.5,59.5,NA
-45.5,59.5,NA
-44.5,59.5,NA
-43.5,59.5,NA
-42.5,59.5,NA
-41.5,59.5,NA
-40.5,59.5,NA
-39.5,59.5,NA
-38.5,59.5,NA
-37.5,59.5,NA
-36.5,59.5,NA
-35.5,59.5,NA
-34.5,59.5,NA
-33.5,59.5,NA
-32.5,59.5,NA
-31.5,59.5,NA
-30.5,59.5,NA
-29.5,59.5,NA
-28.5,59.5,NA
-27.5,59.5,NA
-26.5,59.5,NA
-25.5,59.5,NA
-24.5,59.5,NA
-23.5,59.5,NA
-22.5,59.5,NA
-21.5,59.5,NA
-20.5,59.5,NA
-19.5,59.5,NA
-18.5,59.5,NA
-17.5,59.5,NA
-16.5,59.5,NA
-15.5,59.5,NA
-14.5,59.5,NA
-13.5,59.5,NA
-12.5,59.5,NA
-11.5,59.5,NA
-10.5,59.5,NA
-9.5,59.5,NA
-8.5,59.5,NA
-7.5,59.5,NA
-6.5,59.5,4
-5.5,59.5,NA
-4.5,59.5,NA
-3.5,59.5,NA
-2.5,59.5,NA
-1.5,59.5,NA
-0.5,59.5,NA
-89.5,58.5,NA
-88.5,58.5,NA
-87.5,58.5,NA
-86.5,58.5,NA
-85.5,58.5,NA
-84.5,58.5,NA
-83.5,58.5,NA
-82.5,58.5,NA
-81.5,58.5,NA
-80.5,58.5,NA
-79.5,58.5,NA
-78.5,58.5,NA
-77.5,58.5,NA
-76.5,58.5,NA
-75.5,58.5,NA
-74.5,58.5,NA
-73.5,58.5,NA
-72.5,58.5,NA
-71.5,58.5,NA
-70.5,58.5,NA
-69.5,58.5,NA
-68.5,58.5,NA
-67.5,58.5,NA
-66.5,58.5,NA
-65.5,58.5,NA
-64.5,58.5,NA
-63.5,58.5,NA
-62.5,58.5,NA
-61.5,58.5,NA
-60.5,58.5,NA
-59.5,58.5,NA
-58.5,58.5,NA
-57.5,58.5,NA
-56.5,58.5,NA
-55.5,58.5,NA
-54.5,58.5,NA
-53.5,58.5,NA
-52.5,58.5,NA
-51.5,58.5,NA
-50.5,58.5,NA
-49.5,58.5,NA
-48.5,58.5,NA
-47.5,58.5,NA
-46.5,58.5,NA
-45.5,58.5,NA
-44.5,58.5,NA
-43.5,58.5,NA
-42.5,58.5,NA
-41.5,58.5,NA
-40.5,58.5,NA
-39.5,58.5,NA
-38.5,58.5,NA
-37.5,58.5,NA
-36.5,58.5,NA
-35.5,58.5,NA
-34.5,58.5,NA
-33.5,58.5,NA
-32.5,58.5,NA
-31.5,58.5,NA
-30.5,58.5,NA
-29.5,58.5,NA
-28.5,58.5,NA
-27.5,58.5,NA
-26.5,58.5,NA
-25.5,58.5,NA
-24.5,58.5,NA
-23.5,58.5,NA
-22.5,58.5,NA
-21.5,58.5,NA
-20.5,58.5,NA
-19.5,58.5,NA
-18.5,58.5,NA
-17.5,58.5,NA
-16.5,58.5,NA
-15.5,58.5,NA
-14.5,58.5,NA
-13.5,58.5,NA
-12.5,58.5,NA
-11.5,58.5,NA
-10.5,58.5,NA
-9.5,58.5,1
-8.5,58.5,1
-7.5,58.5,2
-6.5,58.5,NA
-5.5,58.5,NA
-4.5,58.5,NA
-3.5,58.5,NA
-2.5,58.5,NA
-1.5,58.5,NA
-0.5,58.5,NA
-89.5,57.5,NA
-88.5,57.5,NA
-87.5,57.5,NA
-86.5,57.5,NA
-85.5,57.5,NA
-84.5,57.5,NA
-83.5,57.5,NA
-82.5,57.5,NA
-81.5,57.5,NA
-80.5,57.5,NA
-79.5,57.5,NA
-78.5,57.5,NA
-77.5,57.5,NA
-76.5,57.5,NA
-75.5,57.5,NA
-74.5,57.5,NA
-73.5,57.5,NA
-72.5,57.5,NA
-71.5,57.5,NA
-70.5,57.5,NA
-69.5,57.5,NA
-68.5,57.5,NA
-67.5,57.5,NA
-66.5,57.5,NA
-65.5,57.5,NA
-64.5,57.5,NA
-63.5,57.5,NA
-62.5,57.5,NA
-61.5,57.5,NA
-60.5,57.5,NA
-59.5,57.5,NA
-58.5,57.5,NA
-57.5,57.5,NA
-56.5,57.5,NA
-55.5,57.5,NA
-54.5,57.5,NA
-53.5,57.5,NA
-52.5,57.5,NA
-51.5,57.5,NA
-50.5,57.5,NA
-49.5,57.5,NA
-48.5,57.5,NA
-47.5,57.5,NA
-46.5,57.5,NA
-45.5,57.5,NA
-44.5,57.5,NA
-43.5,57.5,NA
-42.5,57.5,NA
-41.5,57.5,NA
-40.5,57.5,NA
-39.5,57.5,NA
-38.5,57.5,NA
-37.5,57.5,NA
-36.5,57.5,NA
-35.5,57.5,NA
-34.5,57.5,NA
-33.5,57.5,NA
-32.5,57.5,NA
-31.5,57.5,NA
-30.5,57.5,NA
-29.5,57.5,NA
-28.5,57.5,NA
-27.5,57.5,NA
-26.5,57.5,NA
-25.5,57.5,NA
-24.5,57.5,NA
-23.5,57.5,NA
-22.5,57.5,NA
-21.5,57.5,NA
-20.5,57.5,NA
-19.5,57.5,NA
-18.5,57.5,NA
-17.5,57.5,NA
-16.5,57.5,NA
-15.5,57.5,NA
-14.5,57.5,NA
-13.5,57.5,NA
-12.5,57.5,NA
-11.5,57.5,NA
-10.5,57.5,NA
-9.5,57.5,NA
-8.5,57.5,NA
-7.5,57.5,NA
-6.5,57.5,NA
-5.5,57.5,NA
-4.5,57.5,NA
-3.5,57.5,NA
-2.5,57.5,NA
-1.5,57.5,NA
-0.5,57.5,NA
-89.5,56.5,NA
-88.5,56.5,NA
-87.5,56.5,NA
-86.5,56.5,NA
-85.5,56.5,NA
-84.5,56.5,NA
-83.5,56.5,NA
-82.5,56.5,NA
-81.5,56.5,NA
-80.5,56.5,NA
-79.5,56.5,NA
-78.5,56.5,NA
-77.5,56.5,NA
-76.5,56.5,NA
-75.5,56.5,NA
-74.5,56.5,NA
-73.5,56.5,NA
-72.5,56.5,NA
-71.5,56.5,NA
-70.5,56.5,NA
-69.5,56.5,NA
-68.5,56.5,NA
-67.5,56.5,NA
-66.5,56.5,NA
-65.5,56.5,NA
-64.5,56.5,NA
-63.5,56.5,NA
-62.5,56.5,NA
-61.5,56.5,NA
-60.5,56.5,NA
-59.5,56.5,NA
-58.5,56.5,NA
-57.5,56.5,NA
-56.5,56.5,NA
-55.5,56.5,NA
-54.5,56.5,NA
-53.5,56.5,NA
-52.5,56.5,NA
-51.5,56.5,NA
-50.5,56.5,NA
-49.5,56.5,NA
-48.5,56.5,NA
-47.5,56.5,NA
-46.5,56.5,NA
-45.5,56.5,NA
-44.5,56.5,NA
-43.5,56.5,NA
-42.5,56.5,NA
-41.5,56.5,NA
-40.5,56.5,NA
-39.5,56.5,NA
-38.5,56.5,NA
-37.5,56.5,NA
-36.5,56.5,NA
-35.5,56.5,NA
-34.5,56.5,NA
-33.5,56.5,NA
-32.5,56.5,NA
-31.5,56.5,NA
-30.5,56.5,NA
-29.5,56.5,NA
-28.5,56.5,NA
-27.5,56.5,NA
-26.5,56.5,NA
-25.5,56.5,NA
-24.5,56.5,NA
-23.5,56.5,NA
-22.5,56.5,NA
-21.5,56.5,NA
-20.5,56.5,NA
-19.5,56.5,NA
-18.5,56.5,NA
-17.5,56.5,NA
-16.5,56.5,NA
-15.5,56.5,NA
-14.5,56.5,NA
-13.5,56.5,NA
-12.5,56.5,NA
-11.5,56.5,NA
-10.5,56.5,NA
-9.5,56.5,NA
-8.5,56.5,NA
-7.5,56.5,NA
-6.5,56.5,NA
-5.5,56.5,NA
-4.5,56.5,NA
-3.5,56.5,NA
-2.5,56.5,NA
-1.5,56.5,NA
-0.5,56.5,NA
-89.5,55.5,NA
-88.5,55.5,NA
-87.5,55.5,NA
-86.5,55.5,NA
-85.5,55.5,NA
-84.5,55.5,NA
-83.5,55.5,NA
-82.5,55.5,NA
-81.5,55.5,NA
-80.5,55.5,NA
-79.5,55.5,NA
-78.5,55.5,NA
-77.5,55.5,NA
-76.5,55.5,NA
-75.5,55.5,NA
-74.5,55.5,NA
-73.5,55.5,NA
-72.5,55.5,NA
-71.5,55.5,NA
-70.5,55.5,NA
-69.5,55.5,NA
-68.5,55.5,NA
-67.5,55.5,NA
-66.5,55.5,NA
-65.5,55.5,NA
-64.5,55.5,NA
-63.5,55.5,NA
-62.5,55.5,NA
-61.5,55.5,NA
-60.5,55.5,NA
-59.5,55.5,NA
-58.5,55.5,NA
-57.5,55.5,NA
-56.5,55.5,NA
-55.5,55.5,NA
-54.5,55.5,NA
-53.5,55.5,NA
-52.5,55.5,NA
-51.5,55.5,NA
-50.5,55.5,NA
-49.5,55.5,NA
-48.5,55.5,NA
-47.5,55.5,NA
-46.5,55.5,NA
-45.5,55.5,NA
-44.5,55.5,NA
-43.5,55.5,NA
-42.5,55.5,NA
-41.5,55.5,NA
-40.5,55.5,NA
-39.5,55.5,NA
-38.5,55.5,NA
-37.5,55.5,NA
-36.5,55.5,NA
-35.5,55.5,NA
-34.5,55.5,NA
-33.5,55.5,NA
-32.5,55.5,NA
-31.5,55.5,NA
-30.5,55.5,NA
-29.5,55.5,NA
-28.5,55.5,NA
-27.5,55.5,NA
-26.5,55.5,NA
-25.5,55.5,NA
-24.5,55.5,NA
-23.5,55.5,NA
-22.5,55.5,NA
-21.5,55.5,NA
-20.5,55.5,NA
-19.5,55.5,NA
-18.5,55.5,NA
-17.5,55.5,NA
-16.5,55.5,NA
-15.5,55.5,NA
-14.5,55.5,NA
-13.5,55.5,NA
-12.5,55.5,NA
-11.5,55.5,NA
-10.5,55.5,NA
-9.5,55.5,2
-8.5,55.5,NA
-7.5,55.5,NA
-6.5,55.5,NA
-5.5,55.5,NA
-4.5,55.5,NA
-3.5,55.5,NA
-2.5,55.5,NA
-1.5,55.5,NA
-0.5,55.5,NA
-89.5,54.5,NA
-88.5,54.5,NA
-87.5,54.5,NA
-86.5,54.5,NA
-85.5,54.5,NA
-84.5,54.5,NA
-83.5,54.5,NA
-82.5,54.5,NA
-81.5,54.5,NA
-80.5,54.5,NA
-79.5,54.5,NA
-78.5,54.5,NA
-77.5,54.5,NA
-76.5,54.5,NA
-75.5,54.5,NA
-74.5,54.5,NA
-73.5,54.5,NA
-72.5,54.5,NA
-71.5,54.5,NA
-70.5,54.5,NA
-69.5,54.5,NA
-68.5,54.5,NA
-67.5,54.5,NA
-66.5,54.5,NA
-65.5,54.5,NA
-64.5,54.5,NA
-63.5,54.5,NA
-62.5,54.5,NA
-61.5,54.5,NA
-60.5,54.5,NA
-59.5,54.5,NA
-58.5,54.5,NA
-57.5,54.5,NA
-56.5,54.5,NA
-55.5,54.5,NA
-54.5,54.5,NA
-53.5,54.5,NA
-52.5,54.5,NA
-51.5,54.5,NA
-50.5,54.5,NA
-49.5,54.5,NA
-48.5,54.5,NA
-47.5,54.5,NA
-46.5,54.5,NA
-45.5,54.5,NA
-44.5,54.5,NA
-43.5,54.5,NA
-42.5,54.5,NA
-41.5,54.5,NA
-40.5,54.5,NA
-39.5,54.5,NA
-38.5,54.5,NA
-37.5,54.5,NA
-36.5,54.5,NA
-35.5,54.5,NA
-34.5,54.5,NA
-33.5,54.5,NA
-32.5,54.5,NA
-31.5,54.5,NA
-30.5,54.5,NA
-29.5,54.5,NA
-28.5,54.5,NA
-27.5,54.5,NA
-26.5,54.5,NA
-25.5,54.5,NA
-24.5,54.5,NA
-23.5,54.5,NA
-22.5,54.5,NA
-21.5,54.5,NA
-20.5,54.5,NA
-19.5,54.5,NA
-18.5,54.5,NA
-17.5,54.5,NA
-16.5,54.5,NA
-15.5,54.5,NA
-14.5,54.5,NA
-13.5,54.5,NA
-12.5,54.5,NA
-11.5,54.5,NA
-10.5,54.5,NA
-9.5,54.5,NA
-8.5,54.5,NA
-7.5,54.5,NA
-6.5,54.5,NA
-5.5,54.5,NA
-4.5,54.5,NA
-3.5,54.5,NA
-2.5,54.5,NA
-1.5,54.5,NA
-0.5,54.5,NA
-89.5,53.5,NA
-88.5,53.5,NA
-87.5,53.5,NA
-86.5,53.5,NA
-85.5,53.5,NA
-84.5,53.5,NA
-83.5,53.5,NA
-82.5,53.5,NA
-81.5,53.5,NA
-80.5,53.5,NA
-79.5,53.5,NA
-78.5,53.5,NA
-77.5,53.5,NA
-76.5,53.5,NA
-75.5,53.5,NA
-74.5,53.5,NA
-73.5,53.5,NA
-72.5,53.5,NA
-71.5,53.5,NA
-70.5,53.5,NA
-69.5,53.5,NA
-68.5,53.5,NA
-67.5,53.5,NA
-66.5,53.5,NA
-65.5,53.5,NA
-64.5,53.5,NA
-63.5,53.5,NA
-62.5,53.5,NA
-61.5,53.5,NA
-60.5,53.5,NA
-59.5,53.5,NA
-58.5,53.5,NA
-57.5,53.5,NA
-56.5,53.5,NA
-55.5,53.5,NA
-54.5,53.5,NA
-53.5,53.5,NA
-52.5,53.5,NA
-51.5,53.5,NA
-50.5,53.5,NA
-49.5,53.5,NA
-48.5,53.5,NA
-47.5,53.5,NA
-46.5,53.5,NA
-45.5,53.5,NA
-44.5,53.5,NA
-43.5,53.5,NA
-42.5,53.5,NA
-41.5,53.5,NA
-40.5,53.5,NA
-39.5,53.5,NA
-38.5,53.5,NA
-37.5,53.5,NA
-36.5,53.5,NA
-35.5,53.5,NA
-34.5,53.5,NA
-33.5,53.5,NA
-32.5,53.5,NA
-31.5,53.5,NA
-30.5,53.5,NA
-29.5,53.5,NA
-28.5,53.5,NA
-27.5,53.5,NA
-26.5,53.5,NA
-25.5,53.5,NA
-24.5,53.5,NA
-23.5,53.5,NA
-22.5,53.5,NA
-21.5,53.5,NA
-20.5,53.5,NA
-19.5,53.5,NA
-18.5,53.5,NA
-17.5,53.5,NA
-16.5,53.5,NA
-15.5,53.5,NA
-14.5,53.5,NA
-13.5,53.5,NA
-12.5,53.5,NA
-11.5,53.5,NA
-10.5,53.5,NA
-9.5,53.5,NA
-8.5,53.5,NA
-7.5,53.5,NA
-6.5,53.5,NA
-5.5,53.5,NA
-4.5,53.5,NA
-3.5,53.5,NA
-2.5,53.5,NA
-1.5,53.5,NA
-0.5,53.5,NA
-89.5,52.5,NA
-88.5,52.5,NA
-87.5,52.5,NA
-86.5,52.5,NA
-85.5,52.5,NA
-84.5,52.5,NA
-83.5,52.5,NA
-82.5,52.5,NA
-81.5,52.5,NA
-80.5,52.5,NA
-79.5,52.5,NA
-78.5,52.5,NA
-77.5,52.5,NA
-76.5,52.5,NA
-75.5,52.5,NA
-74.5,52.5,NA
-73.5,52.5,NA
-72.5,52.5,NA
-71.5,52.5,NA
-70.5,52.5,NA
-69.5,52.5,NA
-68.5,52.5,NA
-67.5,52.5,NA
-66.5,52.5,NA
-65.5,52.5,NA
-64.5,52.5,NA
-63.5,52.5,NA
-62.5,52.5,NA
-61.5,52.5,NA
-60.5,52.5,NA
-59.5,52.5,NA
-58.5,52.5,NA
-57.5,52.5,NA
-56.5,52.5,NA
-55.5,52.5,NA
-54.5,52.5,NA
-53.5,52.5,NA
-52.5,52.5,NA
-51.5,52.5,NA
-50.5,52.5,NA
-49.5,52.5,NA
-48.5,52.5,NA
-47.5,52.5,NA
-46.5,52.5,NA
-45.5,52.5,NA
-44.5,52.5,NA
-43.5,52.5,NA
-42.5,52.5,NA
-41.5,52.5,NA
-40.5,52.5,NA
-39.5,52.5,NA
-38.5,52.5,NA
-37.5,52.5,NA
-36.5,52.5,NA
-35.5,52.5,NA
-34.5,52.5,NA
-33.5,52.5,NA
-32.5,52.5,NA
-31.5,52.5,NA
-30.5,52.5,NA
-29.5,52.5,NA
-28.5,52.5,NA
-27.5,52.5,NA
-26.5,52.5,NA
-25.5,52.5,NA
-24.5,52.5,NA
-23.5,52.5,NA
-22.5,52.5,NA
-21.5,52.5,NA
-20.5,52.5,NA
-19.5,52.5,NA
-18.5,52.5,NA
-17.5,52.5,NA
-16.5,52.5,NA
-15.5,52.5,5
-14.5,52.5,NA
-13.5,52.5,NA
-12.5,52.5,NA
-11.5,52.5,NA
-10.5,52.5,NA
-9.5,52.5,NA
-8.5,52.5,NA
-7.5,52.5,NA
-6.5,52.5,NA
-5.5,52.5,NA
-4.5,52.5,NA
-3.5,52.5,NA
-2.5,52.5,NA
-1.5,52.5,NA
-0.5,52.5,NA
-89.5,51.5,NA
-88.5,51.5,NA
-87.5,51.5,NA
-86.5,51.5,NA
-85.5,51.5,NA
-84.5,51.5,NA
-83.5,51.5,NA
-82.5,51.5,NA
-81.5,51.5,NA
-80.5,51.5,NA
-79.5,51.5,NA
-78.5,51.5,NA
-77.5,51.5,NA
-76.5,51.5,NA
-75.5,51.5,NA
-74.5,51.5,NA
-73.5,51.5,NA
-72.5,51.5,NA
-71.5,51.5,NA
-70.5,51.5,NA
-69.5,51.5,NA
-68.5,51.5,NA
-67.5,51.5,NA
-66.5,51.5,NA
-65.5,51.5,NA
-64.5,51.5,NA
-63.5,51.5,NA
-62.5,51.5,NA
-61.5,51.5,NA
-60.5,51.5,NA
-59.5,51.5,NA
-58.5,51.5,NA
-57.5,51.5,NA
-56.5,51.5,NA
-55.5,51.5,NA
-54.5,51.5,NA
-53.5,51.5,NA
-52.5,51.5,NA
-51.5,51.5,NA
-50.5,51.5,NA
-49.5,51.5,NA
-48.5,51.5,NA
-47.5,51.5,NA
-46.5,51.5,NA
-45.5,51.5,NA
-44.5,51.5,NA
-43.5,51.5,NA
-42.5,51.5,NA
-41.5,51.5,NA
-40.5,51.5,NA
-39.5,51.5,NA
-38.5,51.5,NA
-37.5,51.5,NA
-36.5,51.5,NA
-35.5,51.5,NA
-34.5,51.5,NA
-33.5,51.5,NA
-32.5,51.5,NA
-31.5,51.5,NA
-30.5,51.5,NA
-29.5,51.5,NA
-28.5,51.5,NA
-27.5,51.5,NA
-26.5,51.5,NA
-25.5,51.5,NA
-24.5,51.5,NA
-23.5,51.5,NA
-22.5,51.5,NA
-21.5,51.5,NA
-20.5,51.5,NA
-19.5,51.5,NA
-18.5,51.5,NA
-17.5,51.5,NA
-16.5,51.5,2
-15.5,51.5,3
-14.5,51.5,14
-13.5,51.5,11
-12.5,51.5,16
-11.5,51.5,1
-10.5,51.5,1
-9.5,51.5,3
-8.5,51.5,NA
-7.5,51.5,NA
-6.5,51.5,NA
-5.5,51.5,NA
-4.5,51.5,NA
-3.5,51.5,NA
-2.5,51.5,NA
-1.5,51.5,NA
-0.5,51.5,NA
-89.5,50.5,NA
-88.5,50.5,NA
-87.5,50.5,NA
-86.5,50.5,NA
-85.5,50.5,NA
-84.5,50.5,NA
-83.5,50.5,NA
-82.5,50.5,NA
-81.5,50.5,NA
-80.5,50.5,NA
-79.5,50.5,NA
-78.5,50.5,NA
-77.5,50.5,NA
-76.5,50.5,NA
-75.5,50.5,NA
-74.5,50.5,NA
-73.5,50.5,NA
-72.5,50.5,NA
-71.5,50.5,NA
-70.5,50.5,NA
-69.5,50.5,NA
-68.5,50.5,NA
-67.5,50.5,NA
-66.5,50.5,NA
-65.5,50.5,NA
-64.5,50.5,NA
-63.5,50.5,NA
-62.5,50.5,NA
-61.5,50.5,NA
-60.5,50.5,NA
-59.5,50.5,NA
-58.5,50.5,NA
-57.5,50.5,NA
-56.5,50.5,NA
-55.5,50.5,NA
-54.5,50.5,NA
-53.5,50.5,NA
-52.5,50.5,NA
-51.5,50.5,NA
-50.5,50.5,NA
-49.5,50.5,NA
-48.5,50.5,NA
-47.5,50.5,NA
-46.5,50.5,NA
-45.5,50.5,NA
-44.5,50.5,NA
-43.5,50.5,NA
-42.5,50.5,NA
-41.5,50.5,NA
-40.5,50.5,NA
-39.5,50.5,NA
-38.5,50.5,NA
-37.5,50.5,NA
-36.5,50.5,NA
-35.5,50.5,NA
-34.5,50.5,NA
-33.5,50.5,NA
-32.5,50.5,NA
-31.5,50.5,NA
-30.5,50.5,NA
-29.5,50.5,NA
-28.5,50.5,NA
-27.5,50.5,NA
-26.5,50.5,NA
-25.5,50.5,NA
-24.5,50.5,NA
-23.5,50.5,NA
-22.5,50.5,NA
-21.5,50.5,NA
-20.5,50.5,NA
-19.5,50.5,NA
-18.5,50.5,7
-17.5,50.5,14
-16.5,50.5,5
-15.5,50.5,6
-14.5,50.5,17
-13.5,50.5,17
-12.5,50.5,20
-11.5,50.5,5
-10.5,50.5,NA
-9.5,50.5,NA
-8.5,50.5,NA
-7.5,50.5,NA
-6.5,50.5,NA
-5.5,50.5,NA
-4.5,50.5,NA
-3.5,50.5,NA
-2.5,50.5,NA
-1.5,50.5,NA
-0.5,50.5,NA
-89.5,49.5,NA
-88.5,49.5,NA
-87.5,49.5,NA
-86.5,49.5,NA
-85.5,49.5,NA
-84.5,49.5,NA
-83.5,49.5,NA
-82.5,49.5,NA
-81.5,49.5,NA
-80.5,49.5,NA
-79.5,49.5,NA
-78.5,49.5,NA
-77.5,49.5,NA
-76.5,49.5,NA
-75.5,49.5,NA
-74.5,49.5,NA
-73.5,49.5,NA
-72.5,49.5,NA
-71.5,49.5,NA
-70.5,49.5,NA
-69.5,49.5,NA
-68.5,49.5,NA
-67.5,49.5,NA
-66.5,49.5,NA
-65.5,49.5,NA
-64.5,49.5,NA
-63.5,49.5,NA
-62.5,49.5,NA
-61.5,49.5,NA
-60.5,49.5,NA
-59.5,49.5,NA
-58.5,49.5,NA
-57.5,49.5,NA
-56.5,49.5,NA
-55.5,49.5,NA
-54.5,49.5,NA
-53.5,49.5,NA
-52.5,49.5,NA
-51.5,49.5,NA
-50.5,49.5,NA
-49.5,49.5,NA
-48.5,49.5,NA
-47.5,49.5,NA
-46.5,49.5,NA
-45.5,49.5,NA
-44.5,49.5,NA
-43.5,49.5,NA
-42.5,49.5,NA
-41.5,49.5,NA
-40.5,49.5,NA
-39.5,49.5,NA
-38.5,49.5,NA
-37.5,49.5,NA
-36.5,49.5,NA
-35.5,49.5,NA
-34.5,49.5,NA
-33.5,49.5,NA
-32.5,49.5,NA
-31.5,49.5,NA
-30.5,49.5,NA
-29.5,49.5,NA
-28.5,49.5,NA
-27.5,49.5,NA
-26.5,49.5,NA
-25.5,49.5,NA
-24.5,49.5,NA
-23.5,49.5,NA
-22.5,49.5,NA
-21.5,49.5,NA
-20.5,49.5,NA
-19.5,49.5,NA
-18.5,49.5,2
-17.5,49.5,2
-16.5,49.5,8
-15.5,49.5,3
-14.5,49.5,12
-13.5,49.5,15
-12.5,49.5,22
-11.5,49.5,20
-10.5,49.5,NA
-9.5,49.5,NA
-8.5,49.5,NA
-7.5,49.5,NA
-6.5,49.5,NA
-5.5,49.5,NA
-4.5,49.5,NA
-3.5,49.5,NA
-2.5,49.5,NA
-1.5,49.5,NA
-0.5,49.5,NA
-89.5,48.5,NA
-88.5,48.5,NA
-87.5,48.5,NA
-86.5,48.5,NA
-85.5,48.5,NA
-84.5,48.5,NA
-83.5,48.5,NA
-82.5,48.5,NA
-81.5,48.5,NA
-80.5,48.5,NA
-79.5,48.5,NA
-78.5,48.5,NA
-77.5,48.5,NA
-76.5,48.5,NA
-75.5,48.5,NA
-74.5,48.5,NA
-73.5,48.5,NA
-72.5,48.5,NA
-71.5,48.5,NA
-70.5,48.5,NA
-69.5,48.5,NA
-68.5,48.5,NA
-67.5,48.5,NA
-66.5,48.5,NA
-65.5,48.5,NA
-64.5,48.5,NA
-63.5,48.5,NA
-62.5,48.5,NA
-61.5,48.5,NA
-60.5,48.5,NA
-59.5,48.5,NA
-58.5,48.5,NA
-57.5,48.5,NA
-56.5,48.5,NA
-55.5,48.5,NA
-54.5,48.5,NA
-53.5,48.5,NA
-52.5,48.5,NA
-51.5,48.5,NA
-50.5,48.5,NA
-49.5,48.5,NA
-48.5,48.5,NA
-47.5,48.5,1
-46.5,48.5,NA
-45.5,48.5,NA
-44.5,48.5,NA
-43.5,48.5,NA
-42.5,48.5,NA
-41.5,48.5,NA
-40.5,48.5,NA
-39.5,48.5,NA
-38.5,48.5,NA
-37.5,48.5,NA
-36.5,48.5,NA
-35.5,48.5,NA
-34.5,48.5,NA
-33.5,48.5,NA
-32.5,48.5,NA
-31.5,48.5,NA
-30.5,48.5,NA
-29.5,48.5,NA
-28.5,48.5,NA
-27.5,48.5,NA
-26.5,48.5,NA
-25.5,48.5,NA
-24.5,48.5,NA
-23.5,48.5,NA
-22.5,48.5,NA
-21.5,48.5,NA
-20.5,48.5,NA
-19.5,48.5,2
-18.5,48.5,3
-17.5,48.5,5
-16.5,48.5,NA
-15.5,48.5,5
-14.5,48.5,10
-13.5,48.5,14
-12.5,48.5,17
-11.5,48.5,30
-10.5,48.5,40
-9.5,48.5,18
-8.5,48.5,2
-7.5,48.5,NA
-6.5,48.5,NA
-5.5,48.5,NA
-4.5,48.5,NA
-3.5,48.5,NA
-2.5,48.5,NA
-1.5,48.5,NA
-0.5,48.5,NA
-89.5,47.5,NA
-88.5,47.5,NA
-87.5,47.5,NA
-86.5,47.5,NA
-85.5,47.5,NA
-84.5,47.5,NA
-83.5,47.5,NA
-82.5,47.5,NA
-81.5,47.5,NA
-80.5,47.5,NA
-79.5,47.5,NA
-78.5,47.5,NA
-77.5,47.5,NA
-76.5,47.5,NA
-75.5,47.5,NA
-74.5,47.5,NA
-73.5,47.5,NA
-72.5,47.5,NA
-71.5,47.5,NA
-70.5,47.5,NA
-69.5,47.5,NA
-68.5,47.5,NA
-67.5,47.5,NA
-66.5,47.5,NA
-65.5,47.5,NA
-64.5,47.5,NA
-63.5,47.5,NA
-62.5,47.5,NA
-61.5,47.5,NA
-60.5,47.5,NA
-59.5,47.5,NA
-58.5,47.5,NA
-57.5,47.5,NA
-56.5,47.5,NA
-55.5,47.5,NA
-54.5,47.5,NA
-53.5,47.5,NA
-52.5,47.5,NA
-51.5,47.5,NA
-50.5,47.5,NA
-49.5,47.5,NA
-48.5,47.5,NA
-47.5,47.5,1
-46.5,47.5,NA
-45.5,47.5,NA
-44.5,47.5,NA
-43.5,47.5,NA
-42.5,47.5,NA
-41.5,47.5,2
-40.5,47.5,3
-39.5,47.5,2
-38.5,47.5,NA
-37.5,47.5,NA
-36.5,47.5,NA
-35.5,47.5,NA
-34.5,47.5,NA
-33.5,47.5,NA
-32.5,47.5,NA
-31.5,47.5,NA
-30.5,47.5,NA
-29.5,47.5,NA
-28.5,47.5,NA
-27.5,47.5,NA
-26.5,47.5,NA
-25.5,47.5,NA
-24.5,47.5,NA
-23.5,47.5,NA
-22.5,47.5,NA
-21.5,47.5,NA
-20.5,47.5,NA
-19.5,47.5,NA
-18.5,47.5,3
-17.5,47.5,21
-16.5,47.5,9
-15.5,47.5,10
-14.5,47.5,21
-13.5,47.5,14
-12.5,47.5,11
-11.5,47.5,15
-10.5,47.5,9
-9.5,47.5,43
-8.5,47.5,57
-7.5,47.5,27
-6.5,47.5,28
-5.5,47.5,1
-4.5,47.5,NA
-3.5,47.5,NA
-2.5,47.5,NA
-1.5,47.5,NA
-0.5,47.5,NA
-89.5,46.5,NA
-88.5,46.5,NA
-87.5,46.5,NA
-86.5,46.5,NA
-85.5,46.5,NA
-84.5,46.5,NA
-83.5,46.5,NA
-82.5,46.5,NA
-81.5,46.5,NA
-80.5,46.5,NA
-79.5,46.5,NA
-78.5,46.5,NA
-77.5,46.5,NA
-76.5,46.5,NA
-75.5,46.5,NA
-74.5,46.5,NA
-73.5,46.5,NA
-72.5,46.5,NA
-71.5,46.5,NA
-70.5,46.5,NA
-69.5,46.5,NA
-68.5,46.5,NA
-67.5,46.5,NA
-66.5,46.5,NA
-65.5,46.5,NA
-64.5,46.5,NA
-63.5,46.5,NA
-62.5,46.5,NA
-61.5,46.5,NA
-60.5,46.5,NA
-59.5,46.5,NA
-58.5,46.5,NA
-57.5,46.5,NA
-56.5,46.5,NA
-55.5,46.5,NA
-54.5,46.5,NA
-53.5,46.5,NA
-52.5,46.5,NA
-51.5,46.5,NA
-50.5,46.5,NA
-49.5,46.5,NA
-48.5,46.5,NA
-47.5,46.5,NA
-46.5,46.5,NA
-45.5,46.5,NA
-44.5,46.5,NA
-43.5,46.5,4
-42.5,46.5,18
-41.5,46.5,11
-40.5,46.5,20
-39.5,46.5,5
-38.5,46.5,9
-37.5,46.5,NA
-36.5,46.5,1
-35.5,46.5,1
-34.5,46.5,1
-33.5,46.5,NA
-32.5,46.5,NA
-31.5,46.5,NA
-30.5,46.5,NA
-29.5,46.5,NA
-28.5,46.5,NA
-27.5,46.5,NA
-26.5,46.5,NA
-25.5,46.5,NA
-24.5,46.5,NA
-23.5,46.5,NA
-22.5,46.5,NA
-21.5,46.5,NA
-20.5,46.5,NA
-19.5,46.5,NA
-18.5,46.5,2
-17.5,46.5,8
-16.5,46.5,11
-15.5,46.5,10
-14.5,46.5,18
-13.5,46.5,11
-12.5,46.5,21
-11.5,46.5,8
-10.5,46.5,14
-9.5,46.5,14
-8.5,46.5,27
-7.5,46.5,27
-6.5,46.5,38
-5.5,46.5,29
-4.5,46.5,11
-3.5,46.5,NA
-2.5,46.5,NA
-1.5,46.5,NA
-0.5,46.5,NA
-89.5,45.5,NA
-88.5,45.5,NA
-87.5,45.5,NA
-86.5,45.5,NA
-85.5,45.5,NA
-84.5,45.5,NA
-83.5,45.5,NA
-82.5,45.5,NA
-81.5,45.5,NA
-80.5,45.5,NA
-79.5,45.5,NA
-78.5,45.5,NA
-77.5,45.5,NA
-76.5,45.5,NA
-75.5,45.5,NA
-74.5,45.5,NA
-73.5,45.5,NA
-72.5,45.5,NA
-71.5,45.5,NA
-70.5,45.5,NA
-69.5,45.5,NA
-68.5,45.5,NA
-67.5,45.5,NA
-66.5,45.5,NA
-65.5,45.5,NA
-64.5,45.5,NA
-63.5,45.5,NA
-62.5,45.5,NA
-61.5,45.5,NA
-60.5,45.5,NA
-59.5,45.5,NA
-58.5,45.5,NA
-57.5,45.5,NA
-56.5,45.5,NA
-55.5,45.5,NA
-54.5,45.5,NA
-53.5,45.5,NA
-52.5,45.5,NA
-51.5,45.5,NA
-50.5,45.5,NA
-49.5,45.5,NA
-48.5,45.5,NA
-47.5,45.5,NA
-46.5,45.5,NA
-45.5,45.5,2
-44.5,45.5,36
-43.5,45.5,85
-42.5,45.5,109
-41.5,45.5,65
-40.5,45.5,78
-39.5,45.5,26
-38.5,45.5,10
-37.5,45.5,1
-36.5,45.5,1
-35.5,45.5,NA
-34.5,45.5,NA
-33.5,45.5,NA
-32.5,45.5,NA
-31.5,45.5,NA
-30.5,45.5,NA
-29.5,45.5,1
-28.5,45.5,1
-27.5,45.5,NA
-26.5,45.5,NA
-25.5,45.5,NA
-24.5,45.5,NA
-23.5,45.5,NA
-22.5,45.5,NA
-21.5,45.5,2
-20.5,45.5,2
-19.5,45.5,NA
-18.5,45.5,22
-17.5,45.5,11
-16.5,45.5,12
-15.5,45.5,22
-14.5,45.5,15
-13.5,45.5,12
-12.5,45.5,11
-11.5,45.5,18
-10.5,45.5,26
-9.5,45.5,11
-8.5,45.5,7
-7.5,45.5,72
-6.5,45.5,80
-5.5,45.5,18
-4.5,45.5,5
-3.5,45.5,1
-2.5,45.5,NA
-1.5,45.5,NA
-0.5,45.5,NA
-89.5,44.5,NA
-88.5,44.5,NA
-87.5,44.5,NA
-86.5,44.5,NA
-85.5,44.5,NA
-84.5,44.5,NA
-83.5,44.5,NA
-82.5,44.5,NA
-81.5,44.5,NA
-80.5,44.5,NA
-79.5,44.5,NA
-78.5,44.5,NA
-77.5,44.5,NA
-76.5,44.5,NA
-75.5,44.5,NA
-74.5,44.5,NA
-73.5,44.5,NA
-72.5,44.5,NA
-71.5,44.5,NA
-70.5,44.5,NA
-69.5,44.5,NA
-68.5,44.5,NA
-67.5,44.5,NA
-66.5,44.5,NA
-65.5,44.5,NA
-64.5,44.5,NA
-63.5,44.5,NA
-62.5,44.5,NA
-61.5,44.5,NA
-60.5,44.5,NA
-59.5,44.5,NA
-58.5,44.5,NA
-57.5,44.5,NA
-56.5,44.5,NA
-55.5,44.5,NA
-54.5,44.5,NA
-53.5,44.5,NA
-52.5,44.5,NA
-51.5,44.5,NA
-50.5,44.5,NA
-49.5,44.5,NA
-48.5,44.5,NA
-47.5,44.5,2
-46.5,44.5,1
-45.5,44.5,22
-44.5,44.5,111
-43.5,44.5,87
-42.5,44.5,81
-41.5,44.5,103
-40.5,44.5,152
-39.5,44.5,37
-38.5,44.5,22
-37.5,44.5,12
-36.5,44.5,13
-35.5,44.5,11
-34.5,44.5,12
-33.5,44.5,11
-32.5,44.5,8
-31.5,44.5,3
-30.5,44.5,1
-29.5,44.5,6
-28.5,44.5,5
-27.5,44.5,NA
-26.5,44.5,NA
-25.5,44.5,1
-24.5,44.5,2
-23.5,44.5,NA
-22.5,44.5,2
-21.5,44.5,2
-20.5,44.5,4
-19.5,44.5,3
-18.5,44.5,5
-17.5,44.5,4
-16.5,44.5,8
-15.5,44.5,12
-14.5,44.5,16
-13.5,44.5,35
-12.5,44.5,22
-11.5,44.5,7
-10.5,44.5,3
-9.5,44.5,7
-8.5,44.5,46
-7.5,44.5,114
-6.5,44.5,216
-5.5,44.5,34
-4.5,44.5,16
-3.5,44.5,9
-2.5,44.5,1
-1.5,44.5,NA
-0.5,44.5,NA
-89.5,43.5,NA
-88.5,43.5,NA
-87.5,43.5,NA
-86.5,43.5,NA
-85.5,43.5,NA
-84.5,43.5,NA
-83.5,43.5,NA
-82.5,43.5,NA
-81.5,43.5,NA
-80.5,43.5,NA
-79.5,43.5,NA
-78.5,43.5,NA
-77.5,43.5,NA
-76.5,43.5,NA
-75.5,43.5,NA
-74.5,43.5,NA
-73.5,43.5,NA
-72.5,43.5,NA
-71.5,43.5,NA
-70.5,43.5,NA
-69.5,43.5,NA
-68.5,43.5,NA
-67.5,43.5,NA
-66.5,43.5,NA
-65.5,43.5,NA
-64.5,43.5,NA
-63.5,43.5,NA
-62.5,43.5,NA
-61.5,43.5,NA
-60.5,43.5,NA
-59.5,43.5,NA
-58.5,43.5,NA
-57.5,43.5,NA
-56.5,43.5,NA
-55.5,43.5,NA
-54.5,43.5,NA
-53.5,43.5,NA
-52.5,43.5,NA
-51.5,43.5,NA
-50.5,43.5,NA
-49.5,43.5,NA
-48.5,43.5,NA
-47.5,43.5,4
-46.5,43.5,31
-45.5,43.5,127
-44.5,43.5,209
-43.5,43.5,167
-42.5,43.5,86
-41.5,43.5,102
-40.5,43.5,121
-39.5,43.5,75
-38.5,43.5,51
-37.5,43.5,34
-36.5,43.5,61
-35.5,43.5,43
-34.5,43.5,35
-33.5,43.5,35
-32.5,43.5,26
-31.5,43.5,19
-30.5,43.5,26
-29.5,43.5,28
-28.5,43.5,38
-27.5,43.5,30
-26.5,43.5,34
-25.5,43.5,16
-24.5,43.5,12
-23.5,43.5,18
-22.5,43.5,34
-21.5,43.5,19
-20.5,43.5,29
-19.5,43.5,19
-18.5,43.5,27
-17.5,43.5,14
-16.5,43.5,22
-15.5,43.5,9
-14.5,43.5,22
-13.5,43.5,31
-12.5,43.5,27
-11.5,43.5,14
-10.5,43.5,10
-9.5,43.5,28
-8.5,43.5,20
-7.5,43.5,21
-6.5,43.5,36
-5.5,43.5,6
-4.5,43.5,3
-3.5,43.5,NA
-2.5,43.5,NA
-1.5,43.5,NA
-0.5,43.5,NA
-89.5,42.5,NA
-88.5,42.5,NA
-87.5,42.5,NA
-86.5,42.5,NA
-85.5,42.5,NA
-84.5,42.5,NA
-83.5,42.5,NA
-82.5,42.5,NA
-81.5,42.5,NA
-80.5,42.5,NA
-79.5,42.5,NA
-78.5,42.5,NA
-77.5,42.5,NA
-76.5,42.5,NA
-75.5,42.5,NA
-74.5,42.5,NA
-73.5,42.5,NA
-72.5,42.5,NA
-71.5,42.5,NA
-70.5,42.5,NA
-69.5,42.5,NA
-68.5,42.5,NA
-67.5,42.5,NA
-66.5,42.5,NA
-65.5,42.5,NA
-64.5,42.5,NA
-63.5,42.5,NA
-62.5,42.5,NA
-61.5,42.5,NA
-60.5,42.5,NA
-59.5,42.5,NA
-58.5,42.5,NA
-57.5,42.5,NA
-56.5,42.5,NA
-55.5,42.5,NA
-54.5,42.5,NA
-53.5,42.5,NA
-52.5,42.5,NA
-51.5,42.5,1
-50.5,42.5,3
-49.5,42.5,2
-48.5,42.5,5
-47.5,42.5,74
-46.5,42.5,126
-45.5,42.5,165
-44.5,42.5,207
-43.5,42.5,222
-42.5,42.5,203
-41.5,42.5,137
-40.5,42.5,107
-39.5,42.5,84
-38.5,42.5,59
-37.5,42.5,55
-36.5,42.5,40
-35.5,42.5,70
-34.5,42.5,65
-33.5,42.5,47
-32.5,42.5,46
-31.5,42.5,53
-30.5,42.5,49
-29.5,42.5,81
-28.5,42.5,98
-27.5,42.5,79
-26.5,42.5,69
-25.5,42.5,58
-24.5,42.5,15
-23.5,42.5,10
-22.5,42.5,35
-21.5,42.5,44
-20.5,42.5,54
-19.5,42.5,58
-18.5,42.5,47
-17.5,42.5,41
-16.5,42.5,36
-15.5,42.5,45
-14.5,42.5,42
-13.5,42.5,72
-12.5,42.5,40
-11.5,42.5,32
-10.5,42.5,31
-9.5,42.5,67
-8.5,42.5,NA
-7.5,42.5,NA
-6.5,42.5,NA
-5.5,42.5,NA
-4.5,42.5,NA
-3.5,42.5,NA
-2.5,42.5,NA
-1.5,42.5,NA
-0.5,42.5,NA
-89.5,41.5,NA
-88.5,41.5,NA
-87.5,41.5,NA
-86.5,41.5,NA
-85.5,41.5,NA
-84.5,41.5,NA
-83.5,41.5,NA
-82.5,41.5,NA
-81.5,41.5,NA
-80.5,41.5,NA
-79.5,41.5,NA
-78.5,41.5,NA
-77.5,41.5,NA
-76.5,41.5,NA
-75.5,41.5,NA
-74.5,41.5,NA
-73.5,41.5,NA
-72.5,41.5,NA
-71.5,41.5,NA
-70.5,41.5,NA
-69.5,41.5,NA
-68.5,41.5,NA
-67.5,41.5,NA
-66.5,41.5,NA
-65.5,41.5,NA
-64.5,41.5,NA
-63.5,41.5,NA
-62.5,41.5,NA
-61.5,41.5,NA
-60.5,41.5,NA
-59.5,41.5,NA
-58.5,41.5,NA
-57.5,41.5,NA
-56.5,41.5,NA
-55.5,41.5,NA
-54.5,41.5,NA
-53.5,41.5,NA
-52.5,41.5,1
-51.5,41.5,30
-50.5,41.5,44
-49.5,41.5,79
-48.5,41.5,35
-47.5,41.5,165
-46.5,41.5,140
-45.5,41.5,216
-44.5,41.5,220
-43.5,41.5,220
-42.5,41.5,221
-41.5,41.5,154
-40.5,41.5,98
-39.5,41.5,72
-38.5,41.5,70
-37.5,41.5,65
-36.5,41.5,72
-35.5,41.5,74
-34.5,41.5,83
-33.5,41.5,82
-32.5,41.5,67
-31.5,41.5,54
-30.5,41.5,48
-29.5,41.5,105
-28.5,41.5,88
-27.5,41.5,103
-26.5,41.5,121
-25.5,41.5,88
-24.5,41.5,65
-23.5,41.5,40
-22.5,41.5,53
-21.5,41.5,90
-20.5,41.5,113
-19.5,41.5,98
-18.5,41.5,51
-17.5,41.5,35
-16.5,41.5,42
-15.5,41.5,28
-14.5,41.5,28
-13.5,41.5,24
-12.5,41.5,20
-11.5,41.5,24
-10.5,41.5,31
-9.5,41.5,76
-8.5,41.5,NA
-7.5,41.5,NA
-6.5,41.5,NA
-5.5,41.5,NA
-4.5,41.5,NA
-3.5,41.5,NA
-2.5,41.5,NA
-1.5,41.5,NA
-0.5,41.5,NA
-89.5,40.5,NA
-88.5,40.5,NA
-87.5,40.5,NA
-86.5,40.5,NA
-85.5,40.5,NA
-84.5,40.5,NA
-83.5,40.5,NA
-82.5,40.5,NA
-81.5,40.5,NA
-80.5,40.5,NA
-79.5,40.5,NA
-78.5,40.5,NA
-77.5,40.5,NA
-76.5,40.5,NA
-75.5,40.5,NA
-74.5,40.5,NA
-73.5,40.5,NA
-72.5,40.5,NA
-71.5,40.5,NA
-70.5,40.5,NA
-69.5,40.5,NA
-68.5,40.5,NA
-67.5,40.5,NA
-66.5,40.5,NA
-65.5,40.5,NA
-64.5,40.5,NA
-63.5,40.5,NA
-62.5,40.5,NA
-61.5,40.5,NA
-60.5,40.5,NA
-59.5,40.5,NA
-58.5,40.5,NA
-57.5,40.5,NA
-56.5,40.5,NA
-55.5,40.5,NA
-54.5,40.5,4
-53.5,40.5,12
-52.5,40.5,24
-51.5,40.5,33
-50.5,40.5,74
-49.5,40.5,104
-48.5,40.5,111
-47.5,40.5,140
-46.5,40.5,169
-45.5,40.5,196
-44.5,40.5,194
-43.5,40.5,186
-42.5,40.5,156
-41.5,40.5,146
-40.5,40.5,135
-39.5,40.5,161
-38.5,40.5,168
-37.5,40.5,134
-36.5,40.5,127
-35.5,40.5,133
-34.5,40.5,161
-33.5,40.5,49
-32.5,40.5,6
-31.5,40.5,5
-30.5,40.5,3
-29.5,40.5,5
-28.5,40.5,12
-27.5,40.5,37
-26.5,40.5,47
-25.5,40.5,109
-24.5,40.5,84
-23.5,40.5,72
-22.5,40.5,106
-21.5,40.5,98
-20.5,40.5,98
-19.5,40.5,56
-18.5,40.5,68
-17.5,40.5,40
-16.5,40.5,50
-15.5,40.5,49
-14.5,40.5,42
-13.5,40.5,26
-12.5,40.5,19
-11.5,40.5,12
-10.5,40.5,31
-9.5,40.5,41
-8.5,40.5,NA
-7.5,40.5,NA
-6.5,40.5,NA
-5.5,40.5,NA
-4.5,40.5,NA
-3.5,40.5,NA
-2.5,40.5,NA
-1.5,40.5,NA
-0.5,40.5,NA
-89.5,39.5,NA
-88.5,39.5,NA
-87.5,39.5,NA
-86.5,39.5,NA
-85.5,39.5,NA
-84.5,39.5,NA
-83.5,39.5,NA
-82.5,39.5,NA
-81.5,39.5,NA
-80.5,39.5,NA
-79.5,39.5,NA
-78.5,39.5,NA
-77.5,39.5,NA
-76.5,39.5,NA
-75.5,39.5,NA
-74.5,39.5,NA
-73.5,39.5,NA
-72.5,39.5,NA
-71.5,39.5,NA
-70.5,39.5,NA
-69.5,39.5,NA
-68.5,39.5,NA
-67.5,39.5,NA
-66.5,39.5,NA
-65.5,39.5,NA
-64.5,39.5,NA
-63.5,39.5,NA
-62.5,39.5,NA
-61.5,39.5,NA
-60.5,39.5,NA
-59.5,39.5,NA
-58.5,39.5,4
-57.5,39.5,NA
-56.5,39.5,5
-55.5,39.5,5
-54.5,39.5,5
-53.5,39.5,22
-52.5,39.5,43
-51.5,39.5,63
-50.5,39.5,101
-49.5,39.5,142
-48.5,39.5,166
-47.5,39.5,162
-46.5,39.5,177
-45.5,39.5,201
-44.5,39.5,237
-43.5,39.5,235
-42.5,39.5,246
-41.5,39.5,228
-40.5,39.5,154
-39.5,39.5,190
-38.5,39.5,188
-37.5,39.5,149
-36.5,39.5,166
-35.5,39.5,134
-34.5,39.5,104
-33.5,39.5,18
-32.5,39.5,10
-31.5,39.5,22
-30.5,39.5,17
-29.5,39.5,12
-28.5,39.5,11
-27.5,39.5,8
-26.5,39.5,28
-25.5,39.5,24
-24.5,39.5,35
-23.5,39.5,97
-22.5,39.5,123
-21.5,39.5,170
-20.5,39.5,177
-19.5,39.5,154
-18.5,39.5,100
-17.5,39.5,94
-16.5,39.5,72
-15.5,39.5,80
-14.5,39.5,53
-13.5,39.5,56
-12.5,39.5,67
-11.5,39.5,40
-10.5,39.5,92
-9.5,39.5,14
-8.5,39.5,NA
-7.5,39.5,NA
-6.5,39.5,NA
-5.5,39.5,NA
-4.5,39.5,NA
-3.5,39.5,NA
-2.5,39.5,NA
-1.5,39.5,NA
-0.5,39.5,NA
-89.5,38.5,NA
-88.5,38.5,NA
-87.5,38.5,NA
-86.5,38.5,NA
-85.5,38.5,NA
-84.5,38.5,NA
-83.5,38.5,NA
-82.5,38.5,NA
-81.5,38.5,NA
-80.5,38.5,NA
-79.5,38.5,NA
-78.5,38.5,NA
-77.5,38.5,NA
-76.5,38.5,NA
-75.5,38.5,NA
-74.5,38.5,NA
-73.5,38.5,NA
-72.5,38.5,NA
-71.5,38.5,NA
-70.5,38.5,NA
-69.5,38.5,NA
-68.5,38.5,NA
-67.5,38.5,NA
-66.5,38.5,NA
-65.5,38.5,NA
-64.5,38.5,NA
-63.5,38.5,NA
-62.5,38.5,NA
-61.5,38.5,2
-60.5,38.5,NA
-59.5,38.5,3
-58.5,38.5,9
-57.5,38.5,13
-56.5,38.5,31
-55.5,38.5,36
-54.5,38.5,32
-53.5,38.5,50
-52.5,38.5,75
-51.5,38.5,78
-50.5,38.5,86
-49.5,38.5,141
-48.5,38.5,139
-47.5,38.5,167
-46.5,38.5,271
-45.5,38.5,273
-44.5,38.5,204
-43.5,38.5,223
-42.5,38.5,268
-41.5,38.5,282
-40.5,38.5,209
-39.5,38.5,258
-38.5,38.5,270
-37.5,38.5,219
-36.5,38.5,196
-35.5,38.5,141
-34.5,38.5,106
-33.5,38.5,56
-32.5,38.5,4
-31.5,38.5,14
-30.5,38.5,27
-29.5,38.5,52
-28.5,38.5,15
-27.5,38.5,28
-26.5,38.5,17
-25.5,38.5,17
-24.5,38.5,4
-23.5,38.5,21
-22.5,38.5,91
-21.5,38.5,126
-20.5,38.5,170
-19.5,38.5,178
-18.5,38.5,149
-17.5,38.5,116
-16.5,38.5,170
-15.5,38.5,119
-14.5,38.5,92
-13.5,38.5,103
-12.5,38.5,95
-11.5,38.5,68
-10.5,38.5,102
-9.5,38.5,19
-8.5,38.5,NA
-7.5,38.5,NA
-6.5,38.5,NA
-5.5,38.5,NA
-4.5,38.5,NA
-3.5,38.5,NA
-2.5,38.5,NA
-1.5,38.5,NA
-0.5,38.5,NA
-89.5,37.5,NA
-88.5,37.5,NA
-87.5,37.5,NA
-86.5,37.5,NA
-85.5,37.5,NA
-84.5,37.5,NA
-83.5,37.5,NA
-82.5,37.5,NA
-81.5,37.5,NA
-80.5,37.5,NA
-79.5,37.5,NA
-78.5,37.5,NA
-77.5,37.5,NA
-76.5,37.5,NA
-75.5,37.5,NA
-74.5,37.5,NA
-73.5,37.5,NA
-72.5,37.5,NA
-71.5,37.5,NA
-70.5,37.5,NA
-69.5,37.5,NA
-68.5,37.5,NA
-67.5,37.5,NA
-66.5,37.5,NA
-65.5,37.5,NA
-64.5,37.5,NA
-63.5,37.5,NA
-62.5,37.5,NA
-61.5,37.5,3
-60.5,37.5,14
-59.5,37.5,16
-58.5,37.5,31
-57.5,37.5,48
-56.5,37.5,45
-55.5,37.5,77
-54.5,37.5,82
-53.5,37.5,74
-52.5,37.5,102
-51.5,37.5,98
-50.5,37.5,107
-49.5,37.5,123
-48.5,37.5,134
-47.5,37.5,140
-46.5,37.5,264
-45.5,37.5,242
-44.5,37.5,261
-43.5,37.5,280
-42.5,37.5,271
-41.5,37.5,273
-40.5,37.5,238
-39.5,37.5,245
-38.5,37.5,162
-37.5,37.5,159
-36.5,37.5,178
-35.5,37.5,169
-34.5,37.5,204
-33.5,37.5,214
-32.5,37.5,216
-31.5,37.5,166
-30.5,37.5,74
-29.5,37.5,68
-28.5,37.5,25
-27.5,37.5,10
-26.5,37.5,21
-25.5,37.5,20
-24.5,37.5,16
-23.5,37.5,25
-22.5,37.5,70
-21.5,37.5,85
-20.5,37.5,139
-19.5,37.5,143
-18.5,37.5,177
-17.5,37.5,186
-16.5,37.5,210
-15.5,37.5,191
-14.5,37.5,151
-13.5,37.5,262
-12.5,37.5,171
-11.5,37.5,130
-10.5,37.5,81
-9.5,37.5,43
-8.5,37.5,1
-7.5,37.5,NA
-6.5,37.5,NA
-5.5,37.5,NA
-4.5,37.5,NA
-3.5,37.5,NA
-2.5,37.5,NA
-1.5,37.5,NA
-0.5,37.5,NA
-89.5,36.5,NA
-88.5,36.5,NA
-87.5,36.5,NA
-86.5,36.5,NA
-85.5,36.5,NA
-84.5,36.5,NA
-83.5,36.5,NA
-82.5,36.5,NA
-81.5,36.5,NA
-80.5,36.5,NA
-79.5,36.5,NA
-78.5,36.5,NA
-77.5,36.5,NA
-76.5,36.5,NA
-75.5,36.5,NA
-74.5,36.5,NA
-73.5,36.5,NA
-72.5,36.5,NA
-71.5,36.5,NA
-70.5,36.5,NA
-69.5,36.5,NA
-68.5,36.5,NA
-67.5,36.5,NA
-66.5,36.5,NA
-65.5,36.5,NA
-64.5,36.5,NA
-63.5,36.5,NA
-62.5,36.5,NA
-61.5,36.5,1
-60.5,36.5,10
-59.5,36.5,10
-58.5,36.5,19
-57.5,36.5,45
-56.5,36.5,44
-55.5,36.5,55
-54.5,36.5,75
-53.5,36.5,101
-52.5,36.5,151
-51.5,36.5,154
-50.5,36.5,155
-49.5,36.5,136
-48.5,36.5,148
-47.5,36.5,200
-46.5,36.5,274
-45.5,36.5,266
-44.5,36.5,283
-43.5,36.5,217
-42.5,36.5,201
-41.5,36.5,271
-40.5,36.5,254
-39.5,36.5,253
-38.5,36.5,200
-37.5,36.5,146
-36.5,36.5,150
-35.5,36.5,145
-34.5,36.5,197
-33.5,36.5,267
-32.5,36.5,220
-31.5,36.5,168
-30.5,36.5,157
-29.5,36.5,100
-28.5,36.5,50
-27.5,36.5,29
-26.5,36.5,6
-25.5,36.5,20
-24.5,36.5,27
-23.5,36.5,50
-22.5,36.5,69
-21.5,36.5,130
-20.5,36.5,116
-19.5,36.5,78
-18.5,36.5,145
-17.5,36.5,283
-16.5,36.5,382
-15.5,36.5,518
-14.5,36.5,330
-13.5,36.5,315
-12.5,36.5,294
-11.5,36.5,366
-10.5,36.5,380
-9.5,36.5,258
-8.5,36.5,177
-7.5,36.5,407
-6.5,36.5,117
-5.5,36.5,4
-4.5,36.5,NA
-3.5,36.5,NA
-2.5,36.5,NA
-1.5,36.5,NA
-0.5,36.5,NA
-89.5,35.5,NA
-88.5,35.5,NA
-87.5,35.5,NA
-86.5,35.5,NA
-85.5,35.5,NA
-84.5,35.5,NA
-83.5,35.5,NA
-82.5,35.5,NA
-81.5,35.5,NA
-80.5,35.5,NA
-79.5,35.5,NA
-78.5,35.5,NA
-77.5,35.5,NA
-76.5,35.5,NA
-75.5,35.5,NA
-74.5,35.5,NA
-73.5,35.5,NA
-72.5,35.5,NA
-71.5,35.5,NA
-70.5,35.5,NA
-69.5,35.5,NA
-68.5,35.5,NA
-67.5,35.5,NA
-66.5,35.5,NA
-65.5,35.5,NA
-64.5,35.5,NA
-63.5,35.5,NA
-62.5,35.5,NA
-61.5,35.5,NA
-60.5,35.5,4
-59.5,35.5,2
-58.5,35.5,3
-57.5,35.5,7
-56.5,35.5,16
-55.5,35.5,44
-54.5,35.5,59
-53.5,35.5,91
-52.5,35.5,118
-51.5,35.5,117
-50.5,35.5,98
-49.5,35.5,131
-48.5,35.5,141
-47.5,35.5,205
-46.5,35.5,253
-45.5,35.5,256
-44.5,35.5,268
-43.5,35.5,221
-42.5,35.5,195
-41.5,35.5,214
-40.5,35.5,209
-39.5,35.5,238
-38.5,35.5,163
-37.5,35.5,140
-36.5,35.5,141
-35.5,35.5,182
-34.5,35.5,189
-33.5,35.5,182
-32.5,35.5,160
-31.5,35.5,146
-30.5,35.5,95
-29.5,35.5,97
-28.5,35.5,84
-27.5,35.5,75
-26.5,35.5,16
-25.5,35.5,14
-24.5,35.5,17
-23.5,35.5,27
-22.5,35.5,42
-21.5,35.5,49
-20.5,35.5,38
-19.5,35.5,59
-18.5,35.5,93
-17.5,35.5,141
-16.5,35.5,200
-15.5,35.5,261
-14.5,35.5,207
-13.5,35.5,202
-12.5,35.5,149
-11.5,35.5,198
-10.5,35.5,295
-9.5,35.5,166
-8.5,35.5,155
-7.5,35.5,143
-6.5,35.5,17
-5.5,35.5,11
-4.5,35.5,NA
-3.5,35.5,NA
-2.5,35.5,NA
-1.5,35.5,NA
-0.5,35.5,NA
-89.5,34.5,NA
-88.5,34.5,NA
-87.5,34.5,NA
-86.5,34.5,NA
-85.5,34.5,NA
-84.5,34.5,NA
-83.5,34.5,NA
-82.5,34.5,NA
-81.5,34.5,NA
-80.5,34.5,NA
-79.5,34.5,NA
-78.5,34.5,NA
-77.5,34.5,NA
-76.5,34.5,NA
-75.5,34.5,NA
-74.5,34.5,NA
-73.5,34.5,NA
-72.5,34.5,NA
-71.5,34.5,NA
-70.5,34.5,NA
-69.5,34.5,NA
-68.5,34.5,NA
-67.5,34.5,NA
-66.5,34.5,NA
-65.5,34.5,NA
-64.5,34.5,NA
-63.5,34.5,NA
-62.5,34.5,NA
-61.5,34.5,1
-60.5,34.5,3
-59.5,34.5,NA
-58.5,34.5,1
-57.5,34.5,8
-56.5,34.5,37
-55.5,34.5,38
-54.5,34.5,48
-53.5,34.5,68
-52.5,34.5,79
-51.5,34.5,105
-50.5,34.5,131
-49.5,34.5,129
-48.5,34.5,148
-47.5,34.5,165
-46.5,34.5,239
-45.5,34.5,247
-44.5,34.5,201
-43.5,34.5,188
-42.5,34.5,124
-41.5,34.5,118
-40.5,34.5,158
-39.5,34.5,171
-38.5,34.5,145
-37.5,34.5,146
-36.5,34.5,167
-35.5,34.5,197
-34.5,34.5,190
-33.5,34.5,143
-32.5,34.5,135
-31.5,34.5,136
-30.5,34.5,200
-29.5,34.5,103
-28.5,34.5,79
-27.5,34.5,75
-26.5,34.5,58
-25.5,34.5,57
-24.5,34.5,46
-23.5,34.5,47
-22.5,34.5,21
-21.5,34.5,29
-20.5,34.5,26
-19.5,34.5,25
-18.5,34.5,34
-17.5,34.5,11
-16.5,34.5,13
-15.5,34.5,4
-14.5,34.5,37
-13.5,34.5,14
-12.5,34.5,21
-11.5,34.5,6
-10.5,34.5,3
-9.5,34.5,NA
-8.5,34.5,NA
-7.5,34.5,NA
-6.5,34.5,NA
-5.5,34.5,NA
-4.5,34.5,NA
-3.5,34.5,NA
-2.5,34.5,NA
-1.5,34.5,NA
-0.5,34.5,NA
-89.5,33.5,NA
-88.5,33.5,NA
-87.5,33.5,NA
-86.5,33.5,NA
-85.5,33.5,NA
-84.5,33.5,NA
-83.5,33.5,NA
-82.5,33.5,NA
-81.5,33.5,NA
-80.5,33.5,NA
-79.5,33.5,NA
-78.5,33.5,NA
-77.5,33.5,NA
-76.5,33.5,NA
-75.5,33.5,NA
-74.5,33.5,NA
-73.5,33.5,NA
-72.5,33.5,NA
-71.5,33.5,NA
-70.5,33.5,NA
-69.5,33.5,NA
-68.5,33.5,NA
-67.5,33.5,NA
-66.5,33.5,NA
-65.5,33.5,NA
-64.5,33.5,NA
-63.5,33.5,NA
-62.5,33.5,NA
-61.5,33.5,NA
-60.5,33.5,1
-59.5,33.5,2
-58.5,33.5,10
-57.5,33.5,9
-56.5,33.5,8
-55.5,33.5,23
-54.5,33.5,36
-53.5,33.5,53
-52.5,33.5,46
-51.5,33.5,56
-50.5,33.5,76
-49.5,33.5,89
-48.5,33.5,100
-47.5,33.5,112
-46.5,33.5,153
-45.5,33.5,160
-44.5,33.5,166
-43.5,33.5,210
-42.5,33.5,150
-41.5,33.5,160
-40.5,33.5,221
-39.5,33.5,231
-38.5,33.5,207
-37.5,33.5,202
-36.5,33.5,195
-35.5,33.5,175
-34.5,33.5,160
-33.5,33.5,133
-32.5,33.5,127
-31.5,33.5,130
-30.5,33.5,148
-29.5,33.5,186
-28.5,33.5,101
-27.5,33.5,56
-26.5,33.5,48
-25.5,33.5,40
-24.5,33.5,48
-23.5,33.5,35
-22.5,33.5,26
-21.5,33.5,46
-20.5,33.5,34
-19.5,33.5,27
-18.5,33.5,NA
-17.5,33.5,4
-16.5,33.5,3
-15.5,33.5,2
-14.5,33.5,3
-13.5,33.5,1
-12.5,33.5,3
-11.5,33.5,NA
-10.5,33.5,NA
-9.5,33.5,NA
-8.5,33.5,NA
-7.5,33.5,NA
-6.5,33.5,NA
-5.5,33.5,NA
-4.5,33.5,NA
-3.5,33.5,NA
-2.5,33.5,NA
-1.5,33.5,NA
-0.5,33.5,NA
-89.5,32.5,NA
-88.5,32.5,NA
-87.5,32.5,NA
-86.5,32.5,NA
-85.5,32.5,NA
-84.5,32.5,NA
-83.5,32.5,NA
-82.5,32.5,NA
-81.5,32.5,NA
-80.5,32.5,NA
-79.5,32.5,NA
-78.5,32.5,NA
-77.5,32.5,NA
-76.5,32.5,NA
-75.5,32.5,NA
-74.5,32.5,NA
-73.5,32.5,NA
-72.5,32.5,NA
-71.5,32.5,NA
-70.5,32.5,NA
-69.5,32.5,NA
-68.5,32.5,NA
-67.5,32.5,NA
-66.5,32.5,NA
-65.5,32.5,NA
-64.5,32.5,NA
-63.5,32.5,NA
-62.5,32.5,NA
-61.5,32.5,NA
-60.5,32.5,NA
-59.5,32.5,NA
-58.5,32.5,NA
-57.5,32.5,NA
-56.5,32.5,NA
-55.5,32.5,12
-54.5,32.5,27
-53.5,32.5,38
-52.5,32.5,42
-51.5,32.5,60
-50.5,32.5,74
-49.5,32.5,103
-48.5,32.5,103
-47.5,32.5,75
-46.5,32.5,100
-45.5,32.5,119
-44.5,32.5,116
-43.5,32.5,148
-42.5,32.5,168
-41.5,32.5,175
-40.5,32.5,163
-39.5,32.5,212
-38.5,32.5,167
-37.5,32.5,162
-36.5,32.5,186
-35.5,32.5,165
-34.5,32.5,138
-33.5,32.5,129
-32.5,32.5,130
-31.5,32.5,102
-30.5,32.5,79
-29.5,32.5,95
-28.5,32.5,97
-27.5,32.5,76
-26.5,32.5,46
-25.5,32.5,26
-24.5,32.5,22
-23.5,32.5,12
-22.5,32.5,53
-21.5,32.5,49
-20.5,32.5,38
-19.5,32.5,27
-18.5,32.5,2
-17.5,32.5,2
-16.5,32.5,NA
-15.5,32.5,1
-14.5,32.5,4
-13.5,32.5,11
-12.5,32.5,2
-11.5,32.5,NA
-10.5,32.5,NA
-9.5,32.5,NA
-8.5,32.5,NA
-7.5,32.5,NA
-6.5,32.5,NA
-5.5,32.5,NA
-4.5,32.5,NA
-3.5,32.5,NA
-2.5,32.5,NA
-1.5,32.5,NA
-0.5,32.5,NA
-89.5,31.5,NA
-88.5,31.5,NA
-87.5,31.5,NA
-86.5,31.5,NA
-85.5,31.5,NA
-84.5,31.5,NA
-83.5,31.5,NA
-82.5,31.5,NA
-81.5,31.5,NA
-80.5,31.5,NA
-79.5,31.5,NA
-78.5,31.5,NA
-77.5,31.5,NA
-76.5,31.5,NA
-75.5,31.5,NA
-74.5,31.5,NA
-73.5,31.5,NA
-72.5,31.5,NA
-71.5,31.5,NA
-70.5,31.5,NA
-69.5,31.5,NA
-68.5,31.5,NA
-67.5,31.5,NA
-66.5,31.5,NA
-65.5,31.5,NA
-64.5,31.5,NA
-63.5,31.5,NA
-62.5,31.5,NA
-61.5,31.5,NA
-60.5,31.5,NA
-59.5,31.5,NA
-58.5,31.5,NA
-57.5,31.5,NA
-56.5,31.5,NA
-55.5,31.5,4
-54.5,31.5,10
-53.5,31.5,8
-52.5,31.5,25
-51.5,31.5,61
-50.5,31.5,73
-49.5,31.5,116
-48.5,31.5,100
-47.5,31.5,91
-46.5,31.5,80
-45.5,31.5,94
-44.5,31.5,88
-43.5,31.5,92
-42.5,31.5,86
-41.5,31.5,87
-40.5,31.5,102
-39.5,31.5,98
-38.5,31.5,102
-37.5,31.5,125
-36.5,31.5,153
-35.5,31.5,134
-34.5,31.5,163
-33.5,31.5,127
-32.5,31.5,118
-31.5,31.5,93
-30.5,31.5,101
-29.5,31.5,94
-28.5,31.5,124
-27.5,31.5,62
-26.5,31.5,24
-25.5,31.5,15
-24.5,31.5,23
-23.5,31.5,13
-22.5,31.5,12
-21.5,31.5,11
-20.5,31.5,14
-19.5,31.5,19
-18.5,31.5,18
-17.5,31.5,4
-16.5,31.5,NA
-15.5,31.5,NA
-14.5,31.5,7
-13.5,31.5,34
-12.5,31.5,21
-11.5,31.5,NA
-10.5,31.5,NA
-9.5,31.5,NA
-8.5,31.5,NA
-7.5,31.5,NA
-6.5,31.5,NA
-5.5,31.5,NA
-4.5,31.5,NA
-3.5,31.5,NA
-2.5,31.5,NA
-1.5,31.5,NA
-0.5,31.5,NA
-89.5,30.5,NA
-88.5,30.5,NA
-87.5,30.5,NA
-86.5,30.5,NA
-85.5,30.5,NA
-84.5,30.5,NA
-83.5,30.5,NA
-82.5,30.5,NA
-81.5,30.5,NA
-80.5,30.5,NA
-79.5,30.5,NA
-78.5,30.5,NA
-77.5,30.5,NA
-76.5,30.5,NA
-75.5,30.5,NA
-74.5,30.5,NA
-73.5,30.5,NA
-72.5,30.5,NA
-71.5,30.5,NA
-70.5,30.5,NA
-69.5,30.5,NA
-68.5,30.5,NA
-67.5,30.5,NA
-66.5,30.5,NA
-65.5,30.5,NA
-64.5,30.5,NA
-63.5,30.5,NA
-62.5,30.5,NA
-61.5,30.5,NA
-60.5,30.5,NA
-59.5,30.5,NA
-58.5,30.5,NA
-57.5,30.5,NA
-56.5,30.5,NA
-55.5,30.5,NA
-54.5,30.5,3
-53.5,30.5,4
-52.5,30.5,8
-51.5,30.5,8
-50.5,30.5,13
-49.5,30.5,23
-48.5,30.5,23
-47.5,30.5,30
-46.5,30.5,35
-45.5,30.5,57
-44.5,30.5,49
-43.5,30.5,57
-42.5,30.5,53
-41.5,30.5,77
-40.5,30.5,64
-39.5,30.5,67
-38.5,30.5,76
-37.5,30.5,90
-36.5,30.5,134
-35.5,30.5,109
-34.5,30.5,112
-33.5,30.5,92
-32.5,30.5,130
-31.5,30.5,135
-30.5,30.5,113
-29.5,30.5,77
-28.5,30.5,146
-27.5,30.5,79
-26.5,30.5,49
-25.5,30.5,20
-24.5,30.5,15
-23.5,30.5,26
-22.5,30.5,34
-21.5,30.5,17
-20.5,30.5,25
-19.5,30.5,28
-18.5,30.5,41
-17.5,30.5,12
-16.5,30.5,1
-15.5,30.5,NA
-14.5,30.5,6
-13.5,30.5,86
-12.5,30.5,50
-11.5,30.5,NA
-10.5,30.5,NA
-9.5,30.5,NA
-8.5,30.5,NA
-7.5,30.5,NA
-6.5,30.5,NA
-5.5,30.5,NA
-4.5,30.5,NA
-3.5,30.5,NA
-2.5,30.5,NA
-1.5,30.5,NA
-0.5,30.5,NA
-89.5,29.5,NA
-88.5,29.5,NA
-87.5,29.5,NA
-86.5,29.5,NA
-85.5,29.5,NA
-84.5,29.5,NA
-83.5,29.5,NA
-82.5,29.5,NA
-81.5,29.5,NA
-80.5,29.5,NA
-79.5,29.5,NA
-78.5,29.5,NA
-77.5,29.5,NA
-76.5,29.5,NA
-75.5,29.5,NA
-74.5,29.5,NA
-73.5,29.5,NA
-72.5,29.5,NA
-71.5,29.5,NA
-70.5,29.5,NA
-69.5,29.5,NA
-68.5,29.5,NA
-67.5,29.5,NA
-66.5,29.5,NA
-65.5,29.5,NA
-64.5,29.5,NA
-63.5,29.5,NA
-62.5,29.5,NA
-61.5,29.5,NA
-60.5,29.5,NA
-59.5,29.5,NA
-58.5,29.5,NA
-57.5,29.5,NA
-56.5,29.5,NA
-55.5,29.5,NA
-54.5,29.5,3
-53.5,29.5,6
-52.5,29.5,4
-51.5,29.5,4
-50.5,29.5,7
-49.5,29.5,17
-48.5,29.5,15
-47.5,29.5,21
-46.5,29.5,31
-45.5,29.5,31
-44.5,29.5,11
-43.5,29.5,20
-42.5,29.5,42
-41.5,29.5,38
-40.5,29.5,35
-39.5,29.5,38
-38.5,29.5,45
-37.5,29.5,51
-36.5,29.5,63
-35.5,29.5,59
-34.5,29.5,39
-33.5,29.5,50
-32.5,29.5,57
-31.5,29.5,60
-30.5,29.5,88
-29.5,29.5,70
-28.5,29.5,105
-27.5,29.5,61
-26.5,29.5,41
-25.5,29.5,24
-24.5,29.5,18
-23.5,29.5,29
-22.5,29.5,12
-21.5,29.5,17
-20.5,29.5,31
-19.5,29.5,22
-18.5,29.5,29
-17.5,29.5,69
-16.5,29.5,18
-15.5,29.5,13
-14.5,29.5,17
-13.5,29.5,137
-12.5,29.5,38
-11.5,29.5,NA
-10.5,29.5,NA
-9.5,29.5,NA
-8.5,29.5,NA
-7.5,29.5,NA
-6.5,29.5,NA
-5.5,29.5,NA
-4.5,29.5,NA
-3.5,29.5,NA
-2.5,29.5,NA
-1.5,29.5,NA
-0.5,29.5,NA
-89.5,28.5,NA
-88.5,28.5,NA
-87.5,28.5,NA
-86.5,28.5,NA
-85.5,28.5,NA
-84.5,28.5,NA
-83.5,28.5,NA
-82.5,28.5,NA
-81.5,28.5,NA
-80.5,28.5,NA
-79.5,28.5,NA
-78.5,28.5,NA
-77.5,28.5,NA
-76.5,28.5,NA
-75.5,28.5,NA
-74.5,28.5,NA
-73.5,28.5,NA
-72.5,28.5,NA
-71.5,28.5,NA
-70.5,28.5,NA
-69.5,28.5,NA
-68.5,28.5,NA
-67.5,28.5,NA
-66.5,28.5,NA
-65.5,28.5,NA
-64.5,28.5,NA
-63.5,28.5,NA
-62.5,28.5,NA
-61.5,28.5,NA
-60.5,28.5,NA
-59.5,28.5,NA
-58.5,28.5,NA
-57.5,28.5,NA
-56.5,28.5,NA
-55.5,28.5,NA
-54.5,28.5,NA
-53.5,28.5,NA
-52.5,28.5,NA
-51.5,28.5,2
-50.5,28.5,6
-49.5,28.5,2
-48.5,28.5,4
-47.5,28.5,NA
-46.5,28.5,NA
-45.5,28.5,14
-44.5,28.5,22
-43.5,28.5,13
-42.5,28.5,11
-41.5,28.5,10
-40.5,28.5,27
-39.5,28.5,13
-38.5,28.5,29
-37.5,28.5,27
-36.5,28.5,19
-35.5,28.5,15
-34.5,28.5,17
-33.5,28.5,18
-32.5,28.5,22
-31.5,28.5,17
-30.5,28.5,13
-29.5,28.5,13
-28.5,28.5,14
-27.5,28.5,23
-26.5,28.5,21
-25.5,28.5,5
-24.5,28.5,9
-23.5,28.5,16
-22.5,28.5,13
-21.5,28.5,7
-20.5,28.5,7
-19.5,28.5,27
-18.5,28.5,57
-17.5,28.5,90
-16.5,28.5,87
-15.5,28.5,87
-14.5,28.5,68
-13.5,28.5,56
-12.5,28.5,9
-11.5,28.5,NA
-10.5,28.5,NA
-9.5,28.5,NA
-8.5,28.5,NA
-7.5,28.5,NA
-6.5,28.5,NA
-5.5,28.5,NA
-4.5,28.5,NA
-3.5,28.5,NA
-2.5,28.5,NA
-1.5,28.5,NA
-0.5,28.5,NA
-89.5,27.5,NA
-88.5,27.5,NA
-87.5,27.5,NA
-86.5,27.5,NA
-85.5,27.5,NA
-84.5,27.5,NA
-83.5,27.5,NA
-82.5,27.5,NA
-81.5,27.5,NA
-80.5,27.5,NA
-79.5,27.5,NA
-78.5,27.5,NA
-77.5,27.5,NA
-76.5,27.5,NA
-75.5,27.5,NA
-74.5,27.5,NA
-73.5,27.5,NA
-72.5,27.5,NA
-71.5,27.5,NA
-70.5,27.5,NA
-69.5,27.5,NA
-68.5,27.5,NA
-67.5,27.5,NA
-66.5,27.5,NA
-65.5,27.5,NA
-64.5,27.5,NA
-63.5,27.5,NA
-62.5,27.5,NA
-61.5,27.5,NA
-60.5,27.5,NA
-59.5,27.5,NA
-58.5,27.5,NA
-57.5,27.5,NA
-56.5,27.5,NA
-55.5,27.5,NA
-54.5,27.5,NA
-53.5,27.5,NA
-52.5,27.5,NA
-51.5,27.5,NA
-50.5,27.5,3
-49.5,27.5,NA
-48.5,27.5,NA
-47.5,27.5,NA
-46.5,27.5,2
-45.5,27.5,3
-44.5,27.5,12
-43.5,27.5,4
-42.5,27.5,2
-41.5,27.5,9
-40.5,27.5,3
-39.5,27.5,5
-38.5,27.5,8
-37.5,27.5,15
-36.5,27.5,19
-35.5,27.5,5
-34.5,27.5,14
-33.5,27.5,3
-32.5,27.5,10
-31.5,27.5,NA
-30.5,27.5,2
-29.5,27.5,1
-28.5,27.5,8
-27.5,27.5,9
-26.5,27.5,9
-25.5,27.5,8
-24.5,27.5,6
-23.5,27.5,17
-22.5,27.5,20
-21.5,27.5,15
-20.5,27.5,14
-19.5,27.5,29
-18.5,27.5,84
-17.5,27.5,117
-16.5,27.5,116
-15.5,27.5,117
-14.5,27.5,68
-13.5,27.5,4
-12.5,27.5,NA
-11.5,27.5,NA
-10.5,27.5,NA
-9.5,27.5,NA
-8.5,27.5,NA
-7.5,27.5,NA
-6.5,27.5,NA
-5.5,27.5,NA
-4.5,27.5,NA
-3.5,27.5,NA
-2.5,27.5,NA
-1.5,27.5,NA
-0.5,27.5,NA
-89.5,26.5,NA
-88.5,26.5,NA
-87.5,26.5,NA
-86.5,26.5,NA
-85.5,26.5,NA
-84.5,26.5,NA
-83.5,26.5,NA
-82.5,26.5,NA
-81.5,26.5,NA
-80.5,26.5,NA
-79.5,26.5,NA
-78.5,26.5,NA
-77.5,26.5,NA
-76.5,26.5,NA
-75.5,26.5,NA
-74.5,26.5,NA
-73.5,26.5,NA
-72.5,26.5,NA
-71.5,26.5,NA
-70.5,26.5,NA
-69.5,26.5,NA
-68.5,26.5,NA
-67.5,26.5,NA
-66.5,26.5,NA
-65.5,26.5,NA
-64.5,26.5,NA
-63.5,26.5,NA
-62.5,26.5,NA
-61.5,26.5,NA
-60.5,26.5,NA
-59.5,26.5,NA
-58.5,26.5,NA
-57.5,26.5,NA
-56.5,26.5,NA
-55.5,26.5,NA
-54.5,26.5,NA
-53.5,26.5,NA
-52.5,26.5,NA
-51.5,26.5,NA
-50.5,26.5,3
-49.5,26.5,NA
-48.5,26.5,NA
-47.5,26.5,NA
-46.5,26.5,NA
-45.5,26.5,NA
-44.5,26.5,2
-43.5,26.5,1
-42.5,26.5,1
-41.5,26.5,NA
-40.5,26.5,1
-39.5,26.5,6
-38.5,26.5,6
-37.5,26.5,10
-36.5,26.5,12
-35.5,26.5,6
-34.5,26.5,5
-33.5,26.5,2
-32.5,26.5,2
-31.5,26.5,6
-30.5,26.5,NA
-29.5,26.5,1
-28.5,26.5,7
-27.5,26.5,4
-26.5,26.5,7
-25.5,26.5,23
-24.5,26.5,15
-23.5,26.5,17
-22.5,26.5,22
-21.5,26.5,53
-20.5,26.5,51
-19.5,26.5,75
-18.5,26.5,128
-17.5,26.5,139
-16.5,26.5,65
-15.5,26.5,7
-14.5,26.5,NA
-13.5,26.5,NA
-12.5,26.5,NA
-11.5,26.5,NA
-10.5,26.5,NA
-9.5,26.5,NA
-8.5,26.5,NA
-7.5,26.5,NA
-6.5,26.5,NA
-5.5,26.5,NA
-4.5,26.5,NA
-3.5,26.5,NA
-2.5,26.5,NA
-1.5,26.5,NA
-0.5,26.5,NA
-89.5,25.5,NA
-88.5,25.5,NA
-87.5,25.5,NA
-86.5,25.5,NA
-85.5,25.5,NA
-84.5,25.5,NA
-83.5,25.5,NA
-82.5,25.5,NA
-81.5,25.5,NA
-80.5,25.5,NA
-79.5,25.5,NA
-78.5,25.5,NA
-77.5,25.5,NA
-76.5,25.5,NA
-75.5,25.5,NA
-74.5,25.5,NA
-73.5,25.5,NA
-72.5,25.5,NA
-71.5,25.5,NA
-70.5,25.5,NA
-69.5,25.5,NA
-68.5,25.5,NA
-67.5,25.5,NA
-66.5,25.5,NA
-65.5,25.5,NA
-64.5,25.5,NA
-63.5,25.5,NA
-62.5,25.5,NA
-61.5,25.5,NA
-60.5,25.5,NA
-59.5,25.5,NA
-58.5,25.5,NA
-57.5,25.5,NA
-56.5,25.5,NA
-55.5,25.5,NA
-54.5,25.5,NA
-53.5,25.5,NA
-52.5,25.5,NA
-51.5,25.5,NA
-50.5,25.5,NA
-49.5,25.5,NA
-48.5,25.5,NA
-47.5,25.5,NA
-46.5,25.5,NA
-45.5,25.5,NA
-44.5,25.5,2
-43.5,25.5,NA
-42.5,25.5,NA
-41.5,25.5,4
-40.5,25.5,NA
-39.5,25.5,NA
-38.5,25.5,2
-37.5,25.5,8
-36.5,25.5,10
-35.5,25.5,8
-34.5,25.5,NA
-33.5,25.5,NA
-32.5,25.5,1
-31.5,25.5,NA
-30.5,25.5,NA
-29.5,25.5,2
-28.5,25.5,NA
-27.5,25.5,4
-26.5,25.5,20
-25.5,25.5,21
-24.5,25.5,12
-23.5,25.5,29
-22.5,25.5,38
-21.5,25.5,67
-20.5,25.5,116
-19.5,25.5,235
-18.5,25.5,199
-17.5,25.5,37
-16.5,25.5,NA
-15.5,25.5,NA
-14.5,25.5,NA
-13.5,25.5,NA
-12.5,25.5,NA
-11.5,25.5,NA
-10.5,25.5,NA
-9.5,25.5,NA
-8.5,25.5,NA
-7.5,25.5,NA
-6.5,25.5,NA
-5.5,25.5,NA
-4.5,25.5,NA
-3.5,25.5,NA
-2.5,25.5,NA
-1.5,25.5,NA
-0.5,25.5,NA
-89.5,24.5,NA
-88.5,24.5,NA
-87.5,24.5,NA
-86.5,24.5,NA
-85.5,24.5,NA
-84.5,24.5,NA
-83.5,24.5,NA
-82.5,24.5,NA
-81.5,24.5,NA
-80.5,24.5,NA
-79.5,24.5,NA
-78.5,24.5,NA
-77.5,24.5,NA
-76.5,24.5,NA
-75.5,24.5,NA
-74.5,24.5,NA
-73.5,24.5,NA
-72.5,24.5,NA
-71.5,24.5,NA
-70.5,24.5,NA
-69.5,24.5,NA
-68.5,24.5,NA
-67.5,24.5,NA
-66.5,24.5,NA
-65.5,24.5,NA
-64.5,24.5,NA
-63.5,24.5,NA
-62.5,24.5,NA
-61.5,24.5,NA
-60.5,24.5,NA
-59.5,24.5,NA
-58.5,24.5,NA
-57.5,24.5,NA
-56.5,24.5,NA
-55.5,24.5,NA
-54.5,24.5,NA
-53.5,24.5,NA
-52.5,24.5,NA
-51.5,24.5,NA
-50.5,24.5,NA
-49.5,24.5,NA
-48.5,24.5,NA
-47.5,24.5,NA
-46.5,24.5,NA
-45.5,24.5,NA
-44.5,24.5,NA
-43.5,24.5,NA
-42.5,24.5,NA
-41.5,24.5,1
-40.5,24.5,NA
-39.5,24.5,NA
-38.5,24.5,NA
-37.5,24.5,7
-36.5,24.5,3
-35.5,24.5,1
-34.5,24.5,3
-33.5,24.5,NA
-32.5,24.5,NA
-31.5,24.5,2
-30.5,24.5,2
-29.5,24.5,NA
-28.5,24.5,1
-27.5,24.5,4
-26.5,24.5,2
-25.5,24.5,6
-24.5,24.5,103
-23.5,24.5,110
-22.5,24.5,111
-21.5,24.5,186
-20.5,24.5,301
-19.5,24.5,173
-18.5,24.5,19
-17.5,24.5,5
-16.5,24.5,NA
-15.5,24.5,NA
-14.5,24.5,NA
-13.5,24.5,NA
-12.5,24.5,NA
-11.5,24.5,NA
-10.5,24.5,NA
-9.5,24.5,NA
-8.5,24.5,NA
-7.5,24.5,NA
-6.5,24.5,NA
-5.5,24.5,NA
-4.5,24.5,NA
-3.5,24.5,NA
-2.5,24.5,NA
-1.5,24.5,NA
-0.5,24.5,NA
-89.5,23.5,NA
-88.5,23.5,NA
-87.5,23.5,NA
-86.5,23.5,NA
-85.5,23.5,NA
-84.5,23.5,NA
-83.5,23.5,NA
-82.5,23.5,NA
-81.5,23.5,NA
-80.5,23.5,NA
-79.5,23.5,NA
-78.5,23.5,NA
-77.5,23.5,NA
-76.5,23.5,NA
-75.5,23.5,NA
-74.5,23.5,NA
-73.5,23.5,NA
-72.5,23.5,NA
-71.5,23.5,NA
-70.5,23.5,NA
-69.5,23.5,NA
-68.5,23.5,NA
-67.5,23.5,NA
-66.5,23.5,NA
-65.5,23.5,NA
-64.5,23.5,NA
-63.5,23.5,NA
-62.5,23.5,NA
-61.5,23.5,NA
-60.5,23.5,NA
-59.5,23.5,NA
-58.5,23.5,NA
-57.5,23.5,NA
-56.5,23.5,NA
-55.5,23.5,NA
-54.5,23.5,NA
-53.5,23.5,NA
-52.5,23.5,NA
-51.5,23.5,NA
-50.5,23.5,NA
-49.5,23.5,NA
-48.5,23.5,NA
-47.5,23.5,NA
-46.5,23.5,NA
-45.5,23.5,NA
-44.5,23.5,NA
-43.5,23.5,NA
-42.5,23.5,NA
-41.5,23.5,NA
-40.5,23.5,NA
-39.5,23.5,NA
-38.5,23.5,1
-37.5,23.5,NA
-36.5,23.5,NA
-35.5,23.5,NA
-34.5,23.5,2
-33.5,23.5,NA
-32.5,23.5,NA
-31.5,23.5,3
-30.5,23.5,1
-29.5,23.5,NA
-28.5,23.5,NA
-27.5,23.5,1
-26.5,23.5,8
-25.5,23.5,17
-24.5,23.5,35
-23.5,23.5,94
-22.5,23.5,195
-21.5,23.5,268
-20.5,23.5,367
-19.5,23.5,143
-18.5,23.5,10
-17.5,23.5,NA
-16.5,23.5,34
-15.5,23.5,4
-14.5,23.5,NA
-13.5,23.5,NA
-12.5,23.5,NA
-11.5,23.5,NA
-10.5,23.5,NA
-9.5,23.5,NA
-8.5,23.5,NA
-7.5,23.5,NA
-6.5,23.5,NA
-5.5,23.5,NA
-4.5,23.5,NA
-3.5,23.5,NA
-2.5,23.5,NA
-1.5,23.5,NA
-0.5,23.5,NA
-89.5,22.5,NA
-88.5,22.5,NA
-87.5,22.5,NA
-86.5,22.5,NA
-85.5,22.5,NA
-84.5,22.5,NA
-83.5,22.5,NA
-82.5,22.5,NA
-81.5,22.5,NA
-80.5,22.5,NA
-79.5,22.5,NA
-78.5,22.5,NA
-77.5,22.5,NA
-76.5,22.5,NA
-75.5,22.5,NA
-74.5,22.5,NA
-73.5,22.5,NA
-72.5,22.5,NA
-71.5,22.5,NA
-70.5,22.5,NA
-69.5,22.5,NA
-68.5,22.5,NA
-67.5,22.5,NA
-66.5,22.5,NA
-65.5,22.5,NA
-64.5,22.5,NA
-63.5,22.5,NA
-62.5,22.5,NA
-61.5,22.5,NA
-60.5,22.5,NA
-59.5,22.5,NA
-58.5,22.5,NA
-57.5,22.5,NA
-56.5,22.5,NA
-55.5,22.5,NA
-54.5,22.5,NA
-53.5,22.5,NA
-52.5,22.5,NA
-51.5,22.5,NA
-50.5,22.5,NA
-49.5,22.5,NA
-48.5,22.5,NA
-47.5,22.5,NA
-46.5,22.5,NA
-45.5,22.5,NA
-44.5,22.5,NA
-43.5,22.5,NA
-42.5,22.5,NA
-41.5,22.5,NA
-40.5,22.5,NA
-39.5,22.5,NA
-38.5,22.5,NA
-37.5,22.5,NA
-36.5,22.5,NA
-35.5,22.5,NA
-34.5,22.5,1
-33.5,22.5,NA
-32.5,22.5,1
-31.5,22.5,8
-30.5,22.5,NA
-29.5,22.5,NA
-28.5,22.5,1
-27.5,22.5,6
-26.5,22.5,9
-25.5,22.5,33
-24.5,22.5,73
-23.5,22.5,165
-22.5,22.5,361
-21.5,22.5,579
-20.5,22.5,190
-19.5,22.5,86
-18.5,22.5,26
-17.5,22.5,NA
-16.5,22.5,NA
-15.5,22.5,NA
-14.5,22.5,NA
-13.5,22.5,NA
-12.5,22.5,NA
-11.5,22.5,NA
-10.5,22.5,NA
-9.5,22.5,NA
-8.5,22.5,NA
-7.5,22.5,NA
-6.5,22.5,NA
-5.5,22.5,NA
-4.5,22.5,NA
-3.5,22.5,NA
-2.5,22.5,NA
-1.5,22.5,NA
-0.5,22.5,NA
-89.5,21.5,NA
-88.5,21.5,NA
-87.5,21.5,NA
-86.5,21.5,NA
-85.5,21.5,NA
-84.5,21.5,NA
-83.5,21.5,NA
-82.5,21.5,NA
-81.5,21.5,NA
-80.5,21.5,NA
-79.5,21.5,NA
-78.5,21.5,NA
-77.5,21.5,NA
-76.5,21.5,NA
-75.5,21.5,NA
-74.5,21.5,NA
-73.5,21.5,NA
-72.5,21.5,NA
-71.5,21.5,NA
-70.5,21.5,NA
-69.5,21.5,NA
-68.5,21.5,NA
-67.5,21.5,NA
-66.5,21.5,NA
-65.5,21.5,NA
-64.5,21.5,NA
-63.5,21.5,NA
-62.5,21.5,NA
-61.5,21.5,NA
-60.5,21.5,NA
-59.5,21.5,NA
-58.5,21.5,NA
-57.5,21.5,NA
-56.5,21.5,NA
-55.5,21.5,NA
-54.5,21.5,NA
-53.5,21.5,NA
-52.5,21.5,NA
-51.5,21.5,NA
-50.5,21.5,NA
-49.5,21.5,NA
-48.5,21.5,NA
-47.5,21.5,NA
-46.5,21.5,NA
-45.5,21.5,NA
-44.5,21.5,NA
-43.5,21.5,NA
-42.5,21.5,NA
-41.5,21.5,NA
-40.5,21.5,NA
-39.5,21.5,NA
-38.5,21.5,NA
-37.5,21.5,NA
-36.5,21.5,NA
-35.5,21.5,NA
-34.5,21.5,8
-33.5,21.5,25
-32.5,21.5,43
-31.5,21.5,46
-30.5,21.5,13
-29.5,21.5,5
-28.5,21.5,17
-27.5,21.5,39
-26.5,21.5,42
-25.5,21.5,129
-24.5,21.5,106
-23.5,21.5,188
-22.5,21.5,424
-21.5,21.5,549
-20.5,21.5,107
-19.5,21.5,27
-18.5,21.5,9
-17.5,21.5,NA
-16.5,21.5,NA
-15.5,21.5,NA
-14.5,21.5,NA
-13.5,21.5,NA
-12.5,21.5,NA
-11.5,21.5,NA
-10.5,21.5,NA
-9.5,21.5,NA
-8.5,21.5,NA
-7.5,21.5,NA
-6.5,21.5,NA
-5.5,21.5,NA
-4.5,21.5,NA
-3.5,21.5,NA
-2.5,21.5,NA
-1.5,21.5,NA
-0.5,21.5,NA
-89.5,20.5,NA
-88.5,20.5,NA
-87.5,20.5,NA
-86.5,20.5,NA
-85.5,20.5,NA
-84.5,20.5,NA
-83.5,20.5,NA
-82.5,20.5,NA
-81.5,20.5,NA
-80.5,20.5,NA
-79.5,20.5,NA
-78.5,20.5,NA
-77.5,20.5,NA
-76.5,20.5,NA
-75.5,20.5,NA
-74.5,20.5,NA
-73.5,20.5,NA
-72.5,20.5,NA
-71.5,20.5,NA
-70.5,20.5,NA
-69.5,20.5,NA
-68.5,20.5,NA
-67.5,20.5,NA
-66.5,20.5,NA
-65.5,20.5,NA
-64.5,20.5,NA
-63.5,20.5,NA
-62.5,20.5,NA
-61.5,20.5,NA
-60.5,20.5,NA
-59.5,20.5,NA
-58.5,20.5,NA
-57.5,20.5,NA
-56.5,20.5,NA
-55.5,20.5,NA
-54.5,20.5,NA
-53.5,20.5,NA
-52.5,20.5,NA
-51.5,20.5,NA
-50.5,20.5,NA
-49.5,20.5,NA
-48.5,20.5,NA
-47.5,20.5,NA
-46.5,20.5,NA
-45.5,20.5,NA
-44.5,20.5,NA
-43.5,20.5,NA
-42.5,20.5,NA
-41.5,20.5,NA
-40.5,20.5,NA
-39.5,20.5,NA
-38.5,20.5,1
-37.5,20.5,1
-36.5,20.5,NA
-35.5,20.5,NA
-34.5,20.5,NA
-33.5,20.5,55
-32.5,20.5,72
-31.5,20.5,70
-30.5,20.5,73
-29.5,20.5,53
-28.5,20.5,30
-27.5,20.5,80
-26.5,20.5,81
-25.5,20.5,92
-24.5,20.5,133
-23.5,20.5,239
-22.5,20.5,338
-21.5,20.5,410
-20.5,20.5,97
-19.5,20.5,38
-18.5,20.5,54
-17.5,20.5,121
-16.5,20.5,NA
-15.5,20.5,NA
-14.5,20.5,NA
-13.5,20.5,NA
-12.5,20.5,NA
-11.5,20.5,NA
-10.5,20.5,NA
-9.5,20.5,NA
-8.5,20.5,NA
-7.5,20.5,NA
-6.5,20.5,NA
-5.5,20.5,NA
-4.5,20.5,NA
-3.5,20.5,NA
-2.5,20.5,NA
-1.5,20.5,NA
-0.5,20.5,NA
-89.5,19.5,NA
-88.5,19.5,NA
-87.5,19.5,NA
-86.5,19.5,NA
-85.5,19.5,NA
-84.5,19.5,NA
-83.5,19.5,NA
-82.5,19.5,NA
-81.5,19.5,NA
-80.5,19.5,NA
-79.5,19.5,NA
-78.5,19.5,NA
-77.5,19.5,NA
-76.5,19.5,NA
-75.5,19.5,NA
-74.5,19.5,NA
-73.5,19.5,NA
-72.5,19.5,NA
-71.5,19.5,NA
-70.5,19.5,NA
-69.5,19.5,NA
-68.5,19.5,NA
-67.5,19.5,NA
-66.5,19.5,NA
-65.5,19.5,NA
-64.5,19.5,NA
-63.5,19.5,NA
-62.5,19.5,NA
-61.5,19.5,NA
-60.5,19.5,NA
-59.5,19.5,NA
-58.5,19.5,NA
-57.5,19.5,NA
-56.5,19.5,NA
-55.5,19.5,NA
-54.5,19.5,NA
-53.5,19.5,NA
-52.5,19.5,NA
-51.5,19.5,NA
-50.5,19.5,NA
-49.5,19.5,NA
-48.5,19.5,NA
-47.5,19.5,NA
-46.5,19.5,NA
-45.5,19.5,NA
-44.5,19.5,NA
-43.5,19.5,NA
-42.5,19.5,NA
-41.5,19.5,NA
-40.5,19.5,NA
-39.5,19.5,2
-38.5,19.5,NA
-37.5,19.5,NA
-36.5,19.5,NA
-35.5,19.5,NA
-34.5,19.5,NA
-33.5,19.5,12
-32.5,19.5,52
-31.5,19.5,57
-30.5,19.5,44
-29.5,19.5,38
-28.5,19.5,60
-27.5,19.5,75
-26.5,19.5,66
-25.5,19.5,92
-24.5,19.5,132
-23.5,19.5,153
-22.5,19.5,151
-21.5,19.5,127
-20.5,19.5,102
-19.5,19.5,82
-18.5,19.5,128
-17.5,19.5,554
-16.5,19.5,44
-15.5,19.5,NA
-14.5,19.5,NA
-13.5,19.5,NA
-12.5,19.5,NA
-11.5,19.5,NA
-10.5,19.5,NA
-9.5,19.5,NA
-8.5,19.5,NA
-7.5,19.5,NA
-6.5,19.5,NA
-5.5,19.5,NA
-4.5,19.5,NA
-3.5,19.5,NA
-2.5,19.5,NA
-1.5,19.5,NA
-0.5,19.5,NA
-89.5,18.5,NA
-88.5,18.5,NA
-87.5,18.5,NA
-86.5,18.5,NA
-85.5,18.5,NA
-84.5,18.5,NA
-83.5,18.5,NA
-82.5,18.5,NA
-81.5,18.5,NA
-80.5,18.5,NA
-79.5,18.5,NA
-78.5,18.5,NA
-77.5,18.5,NA
-76.5,18.5,NA
-75.5,18.5,NA
-74.5,18.5,NA
-73.5,18.5,NA
-72.5,18.5,NA
-71.5,18.5,NA
-70.5,18.5,NA
-69.5,18.5,NA
-68.5,18.5,NA
-67.5,18.5,NA
-66.5,18.5,NA
-65.5,18.5,NA
-64.5,18.5,NA
-63.5,18.5,NA
-62.5,18.5,NA
-61.5,18.5,NA
-60.5,18.5,NA
-59.5,18.5,NA
-58.5,18.5,NA
-57.5,18.5,NA
-56.5,18.5,NA
-55.5,18.5,NA
-54.5,18.5,NA
-53.5,18.5,NA
-52.5,18.5,NA
-51.5,18.5,NA
-50.5,18.5,NA
-49.5,18.5,NA
-48.5,18.5,NA
-47.5,18.5,NA
-46.5,18.5,NA
-45.5,18.5,NA
-44.5,18.5,NA
-43.5,18.5,NA
-42.5,18.5,NA
-41.5,18.5,2
-40.5,18.5,NA
-39.5,18.5,NA
-38.5,18.5,NA
-37.5,18.5,NA
-36.5,18.5,NA
-35.5,18.5,NA
-34.5,18.5,NA
-33.5,18.5,10
-32.5,18.5,33
-31.5,18.5,24
-30.5,18.5,51
-29.5,18.5,100
-28.5,18.5,90
-27.5,18.5,112
-26.5,18.5,146
-25.5,18.5,159
-24.5,18.5,136
-23.5,18.5,127
-22.5,18.5,125
-21.5,18.5,154
-20.5,18.5,121
-19.5,18.5,112
-18.5,18.5,165
-17.5,18.5,187
-16.5,18.5,69
-15.5,18.5,NA
-14.5,18.5,NA
-13.5,18.5,NA
-12.5,18.5,NA
-11.5,18.5,NA
-10.5,18.5,NA
-9.5,18.5,NA
-8.5,18.5,NA
-7.5,18.5,NA
-6.5,18.5,NA
-5.5,18.5,NA
-4.5,18.5,NA
-3.5,18.5,NA
-2.5,18.5,NA
-1.5,18.5,NA
-0.5,18.5,NA
-89.5,17.5,NA
-88.5,17.5,NA
-87.5,17.5,NA
-86.5,17.5,NA
-85.5,17.5,NA
-84.5,17.5,NA
-83.5,17.5,NA
-82.5,17.5,NA
-81.5,17.5,NA
-80.5,17.5,NA
-79.5,17.5,NA
-78.5,17.5,NA
-77.5,17.5,NA
-76.5,17.5,NA
-75.5,17.5,NA
-74.5,17.5,NA
-73.5,17.5,NA
-72.5,17.5,NA
-71.5,17.5,NA
-70.5,17.5,NA
-69.5,17.5,NA
-68.5,17.5,NA
-67.5,17.5,NA
-66.5,17.5,NA
-65.5,17.5,NA
-64.5,17.5,NA
-63.5,17.5,NA
-62.5,17.5,NA
-61.5,17.5,NA
-60.5,17.5,NA
-59.5,17.5,NA
-58.5,17.5,NA
-57.5,17.5,NA
-56.5,17.5,NA
-55.5,17.5,NA
-54.5,17.5,NA
-53.5,17.5,NA
-52.5,17.5,NA
-51.5,17.5,NA
-50.5,17.5,NA
-49.5,17.5,NA
-48.5,17.5,NA
-47.5,17.5,NA
-46.5,17.5,NA
-45.5,17.5,NA
-44.5,17.5,NA
-43.5,17.5,NA
-42.5,17.5,NA
-41.5,17.5,NA
-40.5,17.5,NA
-39.5,17.5,NA
-38.5,17.5,NA
-37.5,17.5,NA
-36.5,17.5,NA
-35.5,17.5,NA
-34.5,17.5,NA
-33.5,17.5,10
-32.5,17.5,20
-31.5,17.5,48
-30.5,17.5,109
-29.5,17.5,224
-28.5,17.5,117
-27.5,17.5,185
-26.5,17.5,246
-25.5,17.5,193
-24.5,17.5,146
-23.5,17.5,123
-22.5,17.5,107
-21.5,17.5,118
-20.5,17.5,112
-19.5,17.5,103
-18.5,17.5,118
-17.5,17.5,159
-16.5,17.5,59
-15.5,17.5,NA
-14.5,17.5,NA
-13.5,17.5,NA
-12.5,17.5,NA
-11.5,17.5,NA
-10.5,17.5,NA
-9.5,17.5,NA
-8.5,17.5,NA
-7.5,17.5,NA
-6.5,17.5,NA
-5.5,17.5,NA
-4.5,17.5,NA
-3.5,17.5,NA
-2.5,17.5,NA
-1.5,17.5,NA
-0.5,17.5,NA
-89.5,16.5,NA
-88.5,16.5,NA
-87.5,16.5,NA
-86.5,16.5,NA
-85.5,16.5,NA
-84.5,16.5,NA
-83.5,16.5,NA
-82.5,16.5,NA
-81.5,16.5,NA
-80.5,16.5,NA
-79.5,16.5,NA
-78.5,16.5,NA
-77.5,16.5,NA
-76.5,16.5,NA
-75.5,16.5,NA
-74.5,16.5,NA
-73.5,16.5,NA
-72.5,16.5,NA
-71.5,16.5,NA
-70.5,16.5,NA
-69.5,16.5,NA
-68.5,16.5,NA
-67.5,16.5,NA
-66.5,16.5,NA
-65.5,16.5,NA
-64.5,16.5,NA
-63.5,16.5,NA
-62.5,16.5,NA
-61.5,16.5,NA
-60.5,16.5,NA
-59.5,16.5,NA
-58.5,16.5,NA
-57.5,16.5,NA
-56.5,16.5,NA
-55.5,16.5,NA
-54.5,16.5,NA
-53.5,16.5,NA
-52.5,16.5,NA
-51.5,16.5,NA
-50.5,16.5,NA
-49.5,16.5,NA
-48.5,16.5,NA
-47.5,16.5,NA
-46.5,16.5,NA
-45.5,16.5,NA
-44.5,16.5,NA
-43.5,16.5,NA
-42.5,16.5,NA
-41.5,16.5,NA
-40.5,16.5,NA
-39.5,16.5,NA
-38.5,16.5,1
-37.5,16.5,4
-36.5,16.5,3
-35.5,16.5,9
-34.5,16.5,16
-33.5,16.5,11
-32.5,16.5,34
-31.5,16.5,82
-30.5,16.5,194
-29.5,16.5,330
-28.5,16.5,145
-27.5,16.5,157
-26.5,16.5,212
-25.5,16.5,174
-24.5,16.5,25
-23.5,16.5,75
-22.5,16.5,46
-21.5,16.5,49
-20.5,16.5,95
-19.5,16.5,86
-18.5,16.5,103
-17.5,16.5,104
-16.5,16.5,11
-15.5,16.5,NA
-14.5,16.5,NA
-13.5,16.5,NA
-12.5,16.5,NA
-11.5,16.5,NA
-10.5,16.5,NA
-9.5,16.5,NA
-8.5,16.5,NA
-7.5,16.5,NA
-6.5,16.5,NA
-5.5,16.5,NA
-4.5,16.5,NA
-3.5,16.5,NA
-2.5,16.5,NA
-1.5,16.5,NA
-0.5,16.5,NA
-89.5,15.5,NA
-88.5,15.5,NA
-87.5,15.5,NA
-86.5,15.5,NA
-85.5,15.5,NA
-84.5,15.5,NA
-83.5,15.5,NA
-82.5,15.5,NA
-81.5,15.5,NA
-80.5,15.5,NA
-79.5,15.5,NA
-78.5,15.5,NA
-77.5,15.5,NA
-76.5,15.5,NA
-75.5,15.5,NA
-74.5,15.5,NA
-73.5,15.5,NA
-72.5,15.5,NA
-71.5,15.5,NA
-70.5,15.5,NA
-69.5,15.5,NA
-68.5,15.5,NA
-67.5,15.5,NA
-66.5,15.5,NA
-65.5,15.5,NA
-64.5,15.5,NA
-63.5,15.5,NA
-62.5,15.5,NA
-61.5,15.5,NA
-60.5,15.5,NA
-59.5,15.5,NA
-58.5,15.5,NA
-57.5,15.5,NA
-56.5,15.5,NA
-55.5,15.5,NA
-54.5,15.5,NA
-53.5,15.5,NA
-52.5,15.5,NA
-51.5,15.5,NA
-50.5,15.5,2
-49.5,15.5,NA
-48.5,15.5,NA
-47.5,15.5,5
-46.5,15.5,NA
-45.5,15.5,NA
-44.5,15.5,4
-43.5,15.5,1
-42.5,15.5,4
-41.5,15.5,2
-40.5,15.5,4
-39.5,15.5,7
-38.5,15.5,12
-37.5,15.5,8
-36.5,15.5,26
-35.5,15.5,25
-34.5,15.5,31
-33.5,15.5,58
-32.5,15.5,82
-31.5,15.5,112
-30.5,15.5,203
-29.5,15.5,277
-28.5,15.5,173
-27.5,15.5,113
-26.5,15.5,154
-25.5,15.5,153
-24.5,15.5,56
-23.5,15.5,27
-22.5,15.5,65
-21.5,15.5,56
-20.5,15.5,60
-19.5,15.5,2
-18.5,15.5,NA
-17.5,15.5,NA
-16.5,15.5,NA
-15.5,15.5,NA
-14.5,15.5,NA
-13.5,15.5,NA
-12.5,15.5,NA
-11.5,15.5,NA
-10.5,15.5,NA
-9.5,15.5,NA
-8.5,15.5,NA
-7.5,15.5,NA
-6.5,15.5,NA
-5.5,15.5,NA
-4.5,15.5,NA
-3.5,15.5,NA
-2.5,15.5,NA
-1.5,15.5,NA
-0.5,15.5,NA
-89.5,14.5,NA
-88.5,14.5,NA
-87.5,14.5,NA
-86.5,14.5,NA
-85.5,14.5,NA
-84.5,14.5,NA
-83.5,14.5,NA
-82.5,14.5,NA
-81.5,14.5,NA
-80.5,14.5,NA
-79.5,14.5,NA
-78.5,14.5,NA
-77.5,14.5,NA
-76.5,14.5,NA
-75.5,14.5,NA
-74.5,14.5,NA
-73.5,14.5,NA
-72.5,14.5,NA
-71.5,14.5,NA
-70.5,14.5,NA
-69.5,14.5,NA
-68.5,14.5,NA
-67.5,14.5,NA
-66.5,14.5,NA
-65.5,14.5,NA
-64.5,14.5,NA
-63.5,14.5,NA
-62.5,14.5,NA
-61.5,14.5,NA
-60.5,14.5,NA
-59.5,14.5,NA
-58.5,14.5,NA
-57.5,14.5,NA
-56.5,14.5,NA
-55.5,14.5,NA
-54.5,14.5,NA
-53.5,14.5,2
-52.5,14.5,NA
-51.5,14.5,NA
-50.5,14.5,NA
-49.5,14.5,NA
-48.5,14.5,1
-47.5,14.5,13
-46.5,14.5,15
-45.5,14.5,57
-44.5,14.5,49
-43.5,14.5,45
-42.5,14.5,25
-41.5,14.5,20
-40.5,14.5,30
-39.5,14.5,46
-38.5,14.5,34
-37.5,14.5,32
-36.5,14.5,31
-35.5,14.5,61
-34.5,14.5,107
-33.5,14.5,110
-32.5,14.5,155
-31.5,14.5,176
-30.5,14.5,143
-29.5,14.5,179
-28.5,14.5,185
-27.5,14.5,120
-26.5,14.5,118
-25.5,14.5,104
-24.5,14.5,46
-23.5,14.5,53
-22.5,14.5,61
-21.5,14.5,57
-20.5,14.5,39
-19.5,14.5,NA
-18.5,14.5,2
-17.5,14.5,2
-16.5,14.5,NA
-15.5,14.5,NA
-14.5,14.5,NA
-13.5,14.5,NA
-12.5,14.5,NA
-11.5,14.5,NA
-10.5,14.5,NA
-9.5,14.5,NA
-8.5,14.5,NA
-7.5,14.5,NA
-6.5,14.5,NA
-5.5,14.5,NA
-4.5,14.5,NA
-3.5,14.5,NA
-2.5,14.5,NA
-1.5,14.5,NA
-0.5,14.5,NA
-89.5,13.5,NA
-88.5,13.5,NA
-87.5,13.5,NA
-86.5,13.5,NA
-85.5,13.5,NA
-84.5,13.5,NA
-83.5,13.5,NA
-82.5,13.5,NA
-81.5,13.5,NA
-80.5,13.5,NA
-79.5,13.5,NA
-78.5,13.5,NA
-77.5,13.5,NA
-76.5,13.5,NA
-75.5,13.5,NA
-74.5,13.5,NA
-73.5,13.5,NA
-72.5,13.5,NA
-71.5,13.5,NA
-70.5,13.5,NA
-69.5,13.5,NA
-68.5,13.5,NA
-67.5,13.5,NA
-66.5,13.5,NA
-65.5,13.5,NA
-64.5,13.5,NA
-63.5,13.5,NA
-62.5,13.5,NA
-61.5,13.5,NA
-60.5,13.5,NA
-59.5,13.5,NA
-58.5,13.5,NA
-57.5,13.5,NA
-56.5,13.5,NA
-55.5,13.5,2
-54.5,13.5,NA
-53.5,13.5,NA
-52.5,13.5,2
-51.5,13.5,2
-50.5,13.5,NA
-49.5,13.5,NA
-48.5,13.5,2
-47.5,13.5,7
-46.5,13.5,12
-45.5,13.5,40
-44.5,13.5,68
-43.5,13.5,26
-42.5,13.5,55
-41.5,13.5,38
-40.5,13.5,56
-39.5,13.5,36
-38.5,13.5,30
-37.5,13.5,26
-36.5,13.5,54
-35.5,13.5,87
-34.5,13.5,97
-33.5,13.5,86
-32.5,13.5,114
-31.5,13.5,114
-30.5,13.5,131
-29.5,13.5,184
-28.5,13.5,170
-27.5,13.5,82
-26.5,13.5,64
-25.5,13.5,54
-24.5,13.5,64
-23.5,13.5,59
-22.5,13.5,34
-21.5,13.5,37
-20.5,13.5,24
-19.5,13.5,NA
-18.5,13.5,NA
-17.5,13.5,NA
-16.5,13.5,NA
-15.5,13.5,NA
-14.5,13.5,NA
-13.5,13.5,NA
-12.5,13.5,NA
-11.5,13.5,NA
-10.5,13.5,NA
-9.5,13.5,NA
-8.5,13.5,NA
-7.5,13.5,NA
-6.5,13.5,NA
-5.5,13.5,NA
-4.5,13.5,NA
-3.5,13.5,NA
-2.5,13.5,NA
-1.5,13.5,NA
-0.5,13.5,NA
-89.5,12.5,NA
-88.5,12.5,NA
-87.5,12.5,NA
-86.5,12.5,NA
-85.5,12.5,NA
-84.5,12.5,NA
-83.5,12.5,NA
-82.5,12.5,NA
-81.5,12.5,NA
-80.5,12.5,NA
-79.5,12.5,NA
-78.5,12.5,NA
-77.5,12.5,NA
-76.5,12.5,NA
-75.5,12.5,NA
-74.5,12.5,NA
-73.5,12.5,NA
-72.5,12.5,NA
-71.5,12.5,NA
-70.5,12.5,NA
-69.5,12.5,NA
-68.5,12.5,NA
-67.5,12.5,NA
-66.5,12.5,NA
-65.5,12.5,NA
-64.5,12.5,NA
-63.5,12.5,NA
-62.5,12.5,NA
-61.5,12.5,NA
-60.5,12.5,NA
-59.5,12.5,NA
-58.5,12.5,NA
-57.5,12.5,NA
-56.5,12.5,NA
-55.5,12.5,NA
-54.5,12.5,NA
-53.5,12.5,NA
-52.5,12.5,NA
-51.5,12.5,NA
-50.5,12.5,NA
-49.5,12.5,NA
-48.5,12.5,NA
-47.5,12.5,NA
-46.5,12.5,7
-45.5,12.5,24
-44.5,12.5,54
-43.5,12.5,56
-42.5,12.5,105
-41.5,12.5,54
-40.5,12.5,53
-39.5,12.5,43
-38.5,12.5,73
-37.5,12.5,76
-36.5,12.5,108
-35.5,12.5,112
-34.5,12.5,69
-33.5,12.5,80
-32.5,12.5,60
-31.5,12.5,66
-30.5,12.5,82
-29.5,12.5,100
-28.5,12.5,76
-27.5,12.5,49
-26.5,12.5,17
-25.5,12.5,19
-24.5,12.5,34
-23.5,12.5,36
-22.5,12.5,42
-21.5,12.5,38
-20.5,12.5,45
-19.5,12.5,NA
-18.5,12.5,NA
-17.5,12.5,NA
-16.5,12.5,NA
-15.5,12.5,NA
-14.5,12.5,NA
-13.5,12.5,NA
-12.5,12.5,NA
-11.5,12.5,NA
-10.5,12.5,NA
-9.5,12.5,NA
-8.5,12.5,NA
-7.5,12.5,NA
-6.5,12.5,NA
-5.5,12.5,NA
-4.5,12.5,NA
-3.5,12.5,NA
-2.5,12.5,NA
-1.5,12.5,NA
-0.5,12.5,NA
-89.5,11.5,NA
-88.5,11.5,NA
-87.5,11.5,NA
-86.5,11.5,NA
-85.5,11.5,NA
-84.5,11.5,NA
-83.5,11.5,NA
-82.5,11.5,NA
-81.5,11.5,NA
-80.5,11.5,NA
-79.5,11.5,NA
-78.5,11.5,NA
-77.5,11.5,NA
-76.5,11.5,NA
-75.5,11.5,NA
-74.5,11.5,NA
-73.5,11.5,NA
-72.5,11.5,NA
-71.5,11.5,NA
-70.5,11.5,NA
-69.5,11.5,NA
-68.5,11.5,NA
-67.5,11.5,NA
-66.5,11.5,NA
-65.5,11.5,NA
-64.5,11.5,NA
-63.5,11.5,NA
-62.5,11.5,NA
-61.5,11.5,NA
-60.5,11.5,NA
-59.5,11.5,NA
-58.5,11.5,NA
-57.5,11.5,NA
-56.5,11.5,2
-55.5,11.5,NA
-54.5,11.5,NA
-53.5,11.5,2
-52.5,11.5,2
-51.5,11.5,NA
-50.5,11.5,3
-49.5,11.5,2
-48.5,11.5,1
-47.5,11.5,4
-46.5,11.5,4
-45.5,11.5,21
-44.5,11.5,55
-43.5,11.5,49
-42.5,11.5,88
-41.5,11.5,89
-40.5,11.5,82
-39.5,11.5,45
-38.5,11.5,41
-37.5,11.5,62
-36.5,11.5,91
-35.5,11.5,109
-34.5,11.5,74
-33.5,11.5,83
-32.5,11.5,51
-31.5,11.5,48
-30.5,11.5,45
-29.5,11.5,34
-28.5,11.5,33
-27.5,11.5,48
-26.5,11.5,25
-25.5,11.5,12
-24.5,11.5,29
-23.5,11.5,38
-22.5,11.5,65
-21.5,11.5,117
-20.5,11.5,60
-19.5,11.5,2
-18.5,11.5,NA
-17.5,11.5,7
-16.5,11.5,NA
-15.5,11.5,NA
-14.5,11.5,NA
-13.5,11.5,NA
-12.5,11.5,NA
-11.5,11.5,NA
-10.5,11.5,NA
-9.5,11.5,NA
-8.5,11.5,NA
-7.5,11.5,NA
-6.5,11.5,NA
-5.5,11.5,NA
-4.5,11.5,NA
-3.5,11.5,NA
-2.5,11.5,NA
-1.5,11.5,NA
-0.5,11.5,NA
-89.5,10.5,NA
-88.5,10.5,NA
-87.5,10.5,NA
-86.5,10.5,NA
-85.5,10.5,NA
-84.5,10.5,NA
-83.5,10.5,NA
-82.5,10.5,NA
-81.5,10.5,NA
-80.5,10.5,NA
-79.5,10.5,NA
-78.5,10.5,NA
-77.5,10.5,NA
-76.5,10.5,NA
-75.5,10.5,NA
-74.5,10.5,NA
-73.5,10.5,NA
-72.5,10.5,NA
-71.5,10.5,NA
-70.5,10.5,NA
-69.5,10.5,NA
-68.5,10.5,NA
-67.5,10.5,NA
-66.5,10.5,NA
-65.5,10.5,NA
-64.5,10.5,NA
-63.5,10.5,NA
-62.5,10.5,NA
-61.5,10.5,NA
-60.5,10.5,NA
-59.5,10.5,NA
-58.5,10.5,NA
-57.5,10.5,1
-56.5,10.5,5
-55.5,10.5,9
-54.5,10.5,11
-53.5,10.5,5
-52.5,10.5,3
-51.5,10.5,1
-50.5,10.5,1
-49.5,10.5,NA
-48.5,10.5,3
-47.5,10.5,NA
-46.5,10.5,3
-45.5,10.5,18
-44.5,10.5,40
-43.5,10.5,21
-42.5,10.5,16
-41.5,10.5,30
-40.5,10.5,31
-39.5,10.5,27
-38.5,10.5,35
-37.5,10.5,25
-36.5,10.5,42
-35.5,10.5,47
-34.5,10.5,51
-33.5,10.5,68
-32.5,10.5,61
-31.5,10.5,63
-30.5,10.5,48
-29.5,10.5,32
-28.5,10.5,14
-27.5,10.5,23
-26.5,10.5,38
-25.5,10.5,37
-24.5,10.5,48
-23.5,10.5,60
-22.5,10.5,102
-21.5,10.5,76
-20.5,10.5,74
-19.5,10.5,8
-18.5,10.5,NA
-17.5,10.5,NA
-16.5,10.5,5
-15.5,10.5,NA
-14.5,10.5,NA
-13.5,10.5,NA
-12.5,10.5,NA
-11.5,10.5,NA
-10.5,10.5,NA
-9.5,10.5,NA
-8.5,10.5,NA
-7.5,10.5,NA
-6.5,10.5,NA
-5.5,10.5,NA
-4.5,10.5,NA
-3.5,10.5,NA
-2.5,10.5,NA
-1.5,10.5,NA
-0.5,10.5,NA
-89.5,9.5,NA
-88.5,9.5,NA
-87.5,9.5,NA
-86.5,9.5,NA
-85.5,9.5,NA
-84.5,9.5,NA
-83.5,9.5,NA
-82.5,9.5,NA
-81.5,9.5,NA
-80.5,9.5,NA
-79.5,9.5,NA
-78.5,9.5,NA
-77.5,9.5,NA
-76.5,9.5,NA
-75.5,9.5,NA
-74.5,9.5,NA
-73.5,9.5,NA
-72.5,9.5,NA
-71.5,9.5,NA
-70.5,9.5,NA
-69.5,9.5,NA
-68.5,9.5,NA
-67.5,9.5,NA
-66.5,9.5,NA
-65.5,9.5,NA
-64.5,9.5,NA
-63.5,9.5,NA
-62.5,9.5,NA
-61.5,9.5,NA
-60.5,9.5,NA
-59.5,9.5,NA
-58.5,9.5,NA
-57.5,9.5,NA
-56.5,9.5,NA
-55.5,9.5,5
-54.5,9.5,7
-53.5,9.5,10
-52.5,9.5,5
-51.5,9.5,6
-50.5,9.5,NA
-49.5,9.5,1
-48.5,9.5,1
-47.5,9.5,NA
-46.5,9.5,NA
-45.5,9.5,2
-44.5,9.5,3
-43.5,9.5,3
-42.5,9.5,4
-41.5,9.5,6
-40.5,9.5,15
-39.5,9.5,11
-38.5,9.5,11
-37.5,9.5,15
-36.5,9.5,13
-35.5,9.5,21
-34.5,9.5,10
-33.5,9.5,26
-32.5,9.5,40
-31.5,9.5,30
-30.5,9.5,31
-29.5,9.5,20
-28.5,9.5,19
-27.5,9.5,19
-26.5,9.5,22
-25.5,9.5,30
-24.5,9.5,35
-23.5,9.5,61
-22.5,9.5,96
-21.5,9.5,115
-20.5,9.5,87
-19.5,9.5,39
-18.5,9.5,NA
-17.5,9.5,1
-16.5,9.5,NA
-15.5,9.5,NA
-14.5,9.5,NA
-13.5,9.5,NA
-12.5,9.5,NA
-11.5,9.5,NA
-10.5,9.5,NA
-9.5,9.5,NA
-8.5,9.5,NA
-7.5,9.5,NA
-6.5,9.5,NA
-5.5,9.5,NA
-4.5,9.5,NA
-3.5,9.5,NA
-2.5,9.5,NA
-1.5,9.5,NA
-0.5,9.5,NA
-89.5,8.5,NA
-88.5,8.5,NA
-87.5,8.5,NA
-86.5,8.5,NA
-85.5,8.5,NA
-84.5,8.5,NA
-83.5,8.5,NA
-82.5,8.5,NA
-81.5,8.5,NA
-80.5,8.5,NA
-79.5,8.5,NA
-78.5,8.5,NA
-77.5,8.5,NA
-76.5,8.5,NA
-75.5,8.5,NA
-74.5,8.5,NA
-73.5,8.5,NA
-72.5,8.5,NA
-71.5,8.5,NA
-70.5,8.5,NA
-69.5,8.5,NA
-68.5,8.5,NA
-67.5,8.5,NA
-66.5,8.5,NA
-65.5,8.5,NA
-64.5,8.5,NA
-63.5,8.5,NA
-62.5,8.5,NA
-61.5,8.5,NA
-60.5,8.5,NA
-59.5,8.5,NA
-58.5,8.5,NA
-57.5,8.5,NA
-56.5,8.5,NA
-55.5,8.5,NA
-54.5,8.5,NA
-53.5,8.5,NA
-52.5,8.5,NA
-51.5,8.5,2
-50.5,8.5,1
-49.5,8.5,1
-48.5,8.5,NA
-47.5,8.5,NA
-46.5,8.5,NA
-45.5,8.5,NA
-44.5,8.5,NA
-43.5,8.5,2
-42.5,8.5,6
-41.5,8.5,3
-40.5,8.5,2
-39.5,8.5,4
-38.5,8.5,4
-37.5,8.5,7
-36.5,8.5,10
-35.5,8.5,4
-34.5,8.5,5
-33.5,8.5,11
-32.5,8.5,10
-31.5,8.5,15
-30.5,8.5,23
-29.5,8.5,20
-28.5,8.5,25
-27.5,8.5,31
-26.5,8.5,20
-25.5,8.5,41
-24.5,8.5,41
-23.5,8.5,79
-22.5,8.5,145
-21.5,8.5,143
-20.5,8.5,137
-19.5,8.5,104
-18.5,8.5,30
-17.5,8.5,4
-16.5,8.5,NA
-15.5,8.5,NA
-14.5,8.5,NA
-13.5,8.5,NA
-12.5,8.5,NA
-11.5,8.5,NA
-10.5,8.5,NA
-9.5,8.5,NA
-8.5,8.5,NA
-7.5,8.5,NA
-6.5,8.5,NA
-5.5,8.5,NA
-4.5,8.5,NA
-3.5,8.5,NA
-2.5,8.5,NA
-1.5,8.5,NA
-0.5,8.5,NA
-89.5,7.5,NA
-88.5,7.5,NA
-87.5,7.5,NA
-86.5,7.5,NA
-85.5,7.5,NA
-84.5,7.5,NA
-83.5,7.5,NA
-82.5,7.5,NA
-81.5,7.5,NA
-80.5,7.5,NA
-79.5,7.5,NA
-78.5,7.5,NA
-77.5,7.5,NA
-76.5,7.5,NA
-75.5,7.5,NA
-74.5,7.5,NA
-73.5,7.5,NA
-72.5,7.5,NA
-71.5,7.5,NA
-70.5,7.5,NA
-69.5,7.5,NA
-68.5,7.5,NA
-67.5,7.5,NA
-66.5,7.5,NA
-65.5,7.5,NA
-64.5,7.5,NA
-63.5,7.5,NA
-62.5,7.5,NA
-61.5,7.5,NA
-60.5,7.5,NA
-59.5,7.5,NA
-58.5,7.5,NA
-57.5,7.5,NA
-56.5,7.5,NA
-55.5,7.5,NA
-54.5,7.5,NA
-53.5,7.5,NA
-52.5,7.5,NA
-51.5,7.5,NA
-50.5,7.5,NA
-49.5,7.5,NA
-48.5,7.5,1
-47.5,7.5,NA
-46.5,7.5,NA
-45.5,7.5,NA
-44.5,7.5,NA
-43.5,7.5,NA
-42.5,7.5,1
-41.5,7.5,NA
-40.5,7.5,1
-39.5,7.5,NA
-38.5,7.5,3
-37.5,7.5,NA
-36.5,7.5,NA
-35.5,7.5,NA
-34.5,7.5,3
-33.5,7.5,5
-32.5,7.5,8
-31.5,7.5,14
-30.5,7.5,8
-29.5,7.5,9
-28.5,7.5,29
-27.5,7.5,37
-26.5,7.5,25
-25.5,7.5,41
-24.5,7.5,69
-23.5,7.5,92
-22.5,7.5,151
-21.5,7.5,127
-20.5,7.5,102
-19.5,7.5,129
-18.5,7.5,83
-17.5,7.5,83
-16.5,7.5,15
-15.5,7.5,NA
-14.5,7.5,NA
-13.5,7.5,NA
-12.5,7.5,NA
-11.5,7.5,NA
-10.5,7.5,NA
-9.5,7.5,NA
-8.5,7.5,NA
-7.5,7.5,NA
-6.5,7.5,NA
-5.5,7.5,NA
-4.5,7.5,NA
-3.5,7.5,NA
-2.5,7.5,NA
-1.5,7.5,NA
-0.5,7.5,NA
-89.5,6.5,NA
-88.5,6.5,NA
-87.5,6.5,NA
-86.5,6.5,NA
-85.5,6.5,NA
-84.5,6.5,NA
-83.5,6.5,NA
-82.5,6.5,NA
-81.5,6.5,NA
-80.5,6.5,NA
-79.5,6.5,NA
-78.5,6.5,NA
-77.5,6.5,NA
-76.5,6.5,NA
-75.5,6.5,NA
-74.5,6.5,NA
-73.5,6.5,NA
-72.5,6.5,NA
-71.5,6.5,NA
-70.5,6.5,NA
-69.5,6.5,NA
-68.5,6.5,NA
-67.5,6.5,NA
-66.5,6.5,NA
-65.5,6.5,NA
-64.5,6.5,NA
-63.5,6.5,NA
-62.5,6.5,NA
-61.5,6.5,NA
-60.5,6.5,NA
-59.5,6.5,NA
-58.5,6.5,NA
-57.5,6.5,NA
-56.5,6.5,NA
-55.5,6.5,NA
-54.5,6.5,NA
-53.5,6.5,NA
-52.5,6.5,NA
-51.5,6.5,NA
-50.5,6.5,NA
-49.5,6.5,NA
-48.5,6.5,NA
-47.5,6.5,NA
-46.5,6.5,NA
-45.5,6.5,NA
-44.5,6.5,NA
-43.5,6.5,NA
-42.5,6.5,1
-41.5,6.5,12
-40.5,6.5,3
-39.5,6.5,3
-38.5,6.5,2
-37.5,6.5,2
-36.5,6.5,4
-35.5,6.5,8
-34.5,6.5,7
-33.5,6.5,14
-32.5,6.5,32
-31.5,6.5,21
-30.5,6.5,13
-29.5,6.5,15
-28.5,6.5,22
-27.5,6.5,22
-26.5,6.5,33
-25.5,6.5,50
-24.5,6.5,73
-23.5,6.5,75
-22.5,6.5,110
-21.5,6.5,121
-20.5,6.5,111
-19.5,6.5,107
-18.5,6.5,78
-17.5,6.5,73
-16.5,6.5,39
-15.5,6.5,NA
-14.5,6.5,NA
-13.5,6.5,NA
-12.5,6.5,NA
-11.5,6.5,NA
-10.5,6.5,NA
-9.5,6.5,NA
-8.5,6.5,NA
-7.5,6.5,NA
-6.5,6.5,NA
-5.5,6.5,NA
-4.5,6.5,NA
-3.5,6.5,NA
-2.5,6.5,NA
-1.5,6.5,NA
-0.5,6.5,NA
-89.5,5.5,NA
-88.5,5.5,NA
-87.5,5.5,NA
-86.5,5.5,NA
-85.5,5.5,NA
-84.5,5.5,NA
-83.5,5.5,NA
-82.5,5.5,NA
-81.5,5.5,NA
-80.5,5.5,NA
-79.5,5.5,NA
-78.5,5.5,NA
-77.5,5.5,NA
-76.5,5.5,NA
-75.5,5.5,NA
-74.5,5.5,NA
-73.5,5.5,NA
-72.5,5.5,NA
-71.5,5.5,NA
-70.5,5.5,NA
-69.5,5.5,NA
-68.5,5.5,NA
-67.5,5.5,NA
-66.5,5.5,NA
-65.5,5.5,NA
-64.5,5.5,NA
-63.5,5.5,NA
-62.5,5.5,NA
-61.5,5.5,NA
-60.5,5.5,NA
-59.5,5.5,NA
-58.5,5.5,NA
-57.5,5.5,NA
-56.5,5.5,NA
-55.5,5.5,NA
-54.5,5.5,NA
-53.5,5.5,NA
-52.5,5.5,NA
-51.5,5.5,NA
-50.5,5.5,NA
-49.5,5.5,NA
-48.5,5.5,NA
-47.5,5.5,NA
-46.5,5.5,NA
-45.5,5.5,NA
-44.5,5.5,NA
-43.5,5.5,NA
-42.5,5.5,4
-41.5,5.5,15
-40.5,5.5,14
-39.5,5.5,22
-38.5,5.5,9
-37.5,5.5,7
-36.5,5.5,4
-35.5,5.5,3
-34.5,5.5,8
-33.5,5.5,10
-32.5,5.5,14
-31.5,5.5,5
-30.5,5.5,1
-29.5,5.5,5
-28.5,5.5,3
-27.5,5.5,6
-26.5,5.5,24
-25.5,5.5,41
-24.5,5.5,50
-23.5,5.5,49
-22.5,5.5,64
-21.5,5.5,69
-20.5,5.5,96
-19.5,5.5,56
-18.5,5.5,31
-17.5,5.5,25
-16.5,5.5,36
-15.5,5.5,1
-14.5,5.5,NA
-13.5,5.5,NA
-12.5,5.5,NA
-11.5,5.5,NA
-10.5,5.5,NA
-9.5,5.5,NA
-8.5,5.5,NA
-7.5,5.5,NA
-6.5,5.5,NA
-5.5,5.5,NA
-4.5,5.5,NA
-3.5,5.5,NA
-2.5,5.5,NA
-1.5,5.5,NA
-0.5,5.5,NA
-89.5,4.5,NA
-88.5,4.5,NA
-87.5,4.5,NA
-86.5,4.5,NA
-85.5,4.5,NA
-84.5,4.5,NA
-83.5,4.5,NA
-82.5,4.5,NA
-81.5,4.5,NA
-80.5,4.5,NA
-79.5,4.5,NA
-78.5,4.5,NA
-77.5,4.5,NA
-76.5,4.5,NA
-75.5,4.5,NA
-74.5,4.5,NA
-73.5,4.5,NA
-72.5,4.5,NA
-71.5,4.5,NA
-70.5,4.5,NA
-69.5,4.5,NA
-68.5,4.5,NA
-67.5,4.5,NA
-66.5,4.5,NA
-65.5,4.5,NA
-64.5,4.5,NA
-63.5,4.5,NA
-62.5,4.5,NA
-61.5,4.5,NA
-60.5,4.5,NA
-59.5,4.5,NA
-58.5,4.5,NA
-57.5,4.5,NA
-56.5,4.5,NA
-55.5,4.5,NA
-54.5,4.5,NA
-53.5,4.5,NA
-52.5,4.5,NA
-51.5,4.5,NA
-50.5,4.5,NA
-49.5,4.5,NA
-48.5,4.5,NA
-47.5,4.5,NA
-46.5,4.5,NA
-45.5,4.5,NA
-44.5,4.5,NA
-43.5,4.5,3
-42.5,4.5,2
-41.5,4.5,6
-40.5,4.5,4
-39.5,4.5,18
-38.5,4.5,23
-37.5,4.5,7
-36.5,4.5,20
-35.5,4.5,12
-34.5,4.5,8
-33.5,4.5,9
-32.5,4.5,11
-31.5,4.5,16
-30.5,4.5,15
-29.5,4.5,7
-28.5,4.5,3
-27.5,4.5,14
-26.5,4.5,11
-25.5,4.5,20
-24.5,4.5,17
-23.5,4.5,22
-22.5,4.5,12
-21.5,4.5,33
-20.5,4.5,29
-19.5,4.5,11
-18.5,4.5,8
-17.5,4.5,15
-16.5,4.5,7
-15.5,4.5,12
-14.5,4.5,7
-13.5,4.5,1
-12.5,4.5,NA
-11.5,4.5,NA
-10.5,4.5,NA
-9.5,4.5,NA
-8.5,4.5,NA
-7.5,4.5,NA
-6.5,4.5,NA
-5.5,4.5,NA
-4.5,4.5,3
-3.5,4.5,NA
-2.5,4.5,NA
-1.5,4.5,NA
-0.5,4.5,NA
-89.5,3.5,NA
-88.5,3.5,NA
-87.5,3.5,NA
-86.5,3.5,NA
-85.5,3.5,NA
-84.5,3.5,NA
-83.5,3.5,NA
-82.5,3.5,NA
-81.5,3.5,NA
-80.5,3.5,NA
-79.5,3.5,NA
-78.5,3.5,NA
-77.5,3.5,NA
-76.5,3.5,NA
-75.5,3.5,NA
-74.5,3.5,NA
-73.5,3.5,NA
-72.5,3.5,NA
-71.5,3.5,NA
-70.5,3.5,NA
-69.5,3.5,NA
-68.5,3.5,NA
-67.5,3.5,NA
-66.5,3.5,NA
-65.5,3.5,NA
-64.5,3.5,NA
-63.5,3.5,NA
-62.5,3.5,NA
-61.5,3.5,NA
-60.5,3.5,NA
-59.5,3.5,NA
-58.5,3.5,NA
-57.5,3.5,NA
-56.5,3.5,NA
-55.5,3.5,NA
-54.5,3.5,NA
-53.5,3.5,NA
-52.5,3.5,NA
-51.5,3.5,NA
-50.5,3.5,NA
-49.5,3.5,NA
-48.5,3.5,NA
-47.5,3.5,NA
-46.5,3.5,NA
-45.5,3.5,NA
-44.5,3.5,NA
-43.5,3.5,NA
-42.5,3.5,NA
-41.5,3.5,6
-40.5,3.5,55
-39.5,3.5,56
-38.5,3.5,35
-37.5,3.5,35
-36.5,3.5,48
-35.5,3.5,24
-34.5,3.5,15
-33.5,3.5,16
-32.5,3.5,34
-31.5,3.5,17
-30.5,3.5,20
-29.5,3.5,9
-28.5,3.5,6
-27.5,3.5,18
-26.5,3.5,46
-25.5,3.5,65
-24.5,3.5,101
-23.5,3.5,101
-22.5,3.5,69
-21.5,3.5,63
-20.5,3.5,67
-19.5,3.5,44
-18.5,3.5,34
-17.5,3.5,55
-16.5,3.5,34
-15.5,3.5,27
-14.5,3.5,41
-13.5,3.5,17
-12.5,3.5,5
-11.5,3.5,NA
-10.5,3.5,NA
-9.5,3.5,NA
-8.5,3.5,NA
-7.5,3.5,NA
-6.5,3.5,NA
-5.5,3.5,NA
-4.5,3.5,1
-3.5,3.5,NA
-2.5,3.5,NA
-1.5,3.5,NA
-0.5,3.5,NA
-89.5,2.5,NA
-88.5,2.5,NA
-87.5,2.5,NA
-86.5,2.5,NA
-85.5,2.5,NA
-84.5,2.5,NA
-83.5,2.5,NA
-82.5,2.5,NA
-81.5,2.5,NA
-80.5,2.5,NA
-79.5,2.5,NA
-78.5,2.5,NA
-77.5,2.5,NA
-76.5,2.5,NA
-75.5,2.5,NA
-74.5,2.5,NA
-73.5,2.5,NA
-72.5,2.5,NA
-71.5,2.5,NA
-70.5,2.5,NA
-69.5,2.5,NA
-68.5,2.5,NA
-67.5,2.5,NA
-66.5,2.5,NA
-65.5,2.5,NA
-64.5,2.5,NA
-63.5,2.5,NA
-62.5,2.5,NA
-61.5,2.5,NA
-60.5,2.5,NA
-59.5,2.5,NA
-58.5,2.5,NA
-57.5,2.5,NA
-56.5,2.5,NA
-55.5,2.5,NA
-54.5,2.5,NA
-53.5,2.5,NA
-52.5,2.5,NA
-51.5,2.5,NA
-50.5,2.5,NA
-49.5,2.5,NA
-48.5,2.5,NA
-47.5,2.5,NA
-46.5,2.5,NA
-45.5,2.5,NA
-44.5,2.5,NA
-43.5,2.5,3
-42.5,2.5,NA
-41.5,2.5,4
-40.5,2.5,29
-39.5,2.5,39
-38.5,2.5,25
-37.5,2.5,22
-36.5,2.5,20
-35.5,2.5,15
-34.5,2.5,9
-33.5,2.5,25
-32.5,2.5,28
-31.5,2.5,29
-30.5,2.5,26
-29.5,2.5,13
-28.5,2.5,23
-27.5,2.5,5
-26.5,2.5,25
-25.5,2.5,155
-24.5,2.5,178
-23.5,2.5,198
-22.5,2.5,82
-21.5,2.5,102
-20.5,2.5,120
-19.5,2.5,84
-18.5,2.5,57
-17.5,2.5,43
-16.5,2.5,51
-15.5,2.5,44
-14.5,2.5,43
-13.5,2.5,36
-12.5,2.5,30
-11.5,2.5,7
-10.5,2.5,NA
-9.5,2.5,NA
-8.5,2.5,NA
-7.5,2.5,NA
-6.5,2.5,NA
-5.5,2.5,NA
-4.5,2.5,NA
-3.5,2.5,NA
-2.5,2.5,NA
-1.5,2.5,NA
-0.5,2.5,NA
-89.5,1.5,NA
-88.5,1.5,NA
-87.5,1.5,NA
-86.5,1.5,NA
-85.5,1.5,NA
-84.5,1.5,NA
-83.5,1.5,NA
-82.5,1.5,NA
-81.5,1.5,NA
-80.5,1.5,NA
-79.5,1.5,NA
-78.5,1.5,NA
-77.5,1.5,NA
-76.5,1.5,NA
-75.5,1.5,NA
-74.5,1.5,NA
-73.5,1.5,NA
-72.5,1.5,NA
-71.5,1.5,NA
-70.5,1.5,NA
-69.5,1.5,NA
-68.5,1.5,NA
-67.5,1.5,NA
-66.5,1.5,NA
-65.5,1.5,NA
-64.5,1.5,NA
-63.5,1.5,NA
-62.5,1.5,NA
-61.5,1.5,NA
-60.5,1.5,NA
-59.5,1.5,NA
-58.5,1.5,NA
-57.5,1.5,NA
-56.5,1.5,NA
-55.5,1.5,NA
-54.5,1.5,NA
-53.5,1.5,NA
-52.5,1.5,NA
-51.5,1.5,NA
-50.5,1.5,NA
-49.5,1.5,NA
-48.5,1.5,NA
-47.5,1.5,NA
-46.5,1.5,NA
-45.5,1.5,NA
-44.5,1.5,NA
-43.5,1.5,NA
-42.5,1.5,NA
-41.5,1.5,NA
-40.5,1.5,7
-39.5,1.5,8
-38.5,1.5,8
-37.5,1.5,6
-36.5,1.5,19
-35.5,1.5,9
-34.5,1.5,14
-33.5,1.5,25
-32.5,1.5,22
-31.5,1.5,22
-30.5,1.5,18
-29.5,1.5,8
-28.5,1.5,8
-27.5,1.5,17
-26.5,1.5,17
-25.5,1.5,160
-24.5,1.5,232
-23.5,1.5,207
-22.5,1.5,105
-21.5,1.5,122
-20.5,1.5,102
-19.5,1.5,83
-18.5,1.5,43
-17.5,1.5,27
-16.5,1.5,30
-15.5,1.5,41
-14.5,1.5,37
-13.5,1.5,20
-12.5,1.5,27
-11.5,1.5,20
-10.5,1.5,9
-9.5,1.5,6
-8.5,1.5,NA
-7.5,1.5,NA
-6.5,1.5,NA
-5.5,1.5,2
-4.5,1.5,NA
-3.5,1.5,2
-2.5,1.5,NA
-1.5,1.5,1
-0.5,1.5,6
-89.5,0.5,NA
-88.5,0.5,NA
-87.5,0.5,NA
-86.5,0.5,NA
-85.5,0.5,NA
-84.5,0.5,NA
-83.5,0.5,NA
-82.5,0.5,NA
-81.5,0.5,NA
-80.5,0.5,NA
-79.5,0.5,NA
-78.5,0.5,NA
-77.5,0.5,NA
-76.5,0.5,NA
-75.5,0.5,NA
-74.5,0.5,NA
-73.5,0.5,NA
-72.5,0.5,NA
-71.5,0.5,NA
-70.5,0.5,NA
-69.5,0.5,NA
-68.5,0.5,NA
-67.5,0.5,NA
-66.5,0.5,NA
-65.5,0.5,NA
-64.5,0.5,NA
-63.5,0.5,NA
-62.5,0.5,NA
-61.5,0.5,NA
-60.5,0.5,NA
-59.5,0.5,NA
-58.5,0.5,NA
-57.5,0.5,NA
-56.5,0.5,NA
-55.5,0.5,NA
-54.5,0.5,NA
-53.5,0.5,NA
-52.5,0.5,NA
-51.5,0.5,NA
-50.5,0.5,NA
-49.5,0.5,NA
-48.5,0.5,NA
-47.5,0.5,NA
-46.5,0.5,NA
-45.5,0.5,NA
-44.5,0.5,NA
-43.5,0.5,NA
-42.5,0.5,NA
-41.5,0.5,7
-40.5,0.5,6
-39.5,0.5,8
-38.5,0.5,8
-37.5,0.5,5
-36.5,0.5,4
-35.5,0.5,5
-34.5,0.5,11
-33.5,0.5,12
-32.5,0.5,18
-31.5,0.5,9
-30.5,0.5,11
-29.5,0.5,5
-28.5,0.5,5
-27.5,0.5,9
-26.5,0.5,24
-25.5,0.5,106
-24.5,0.5,141
-23.5,0.5,178
-22.5,0.5,110
-21.5,0.5,132
-20.5,0.5,64
-19.5,0.5,90
-18.5,0.5,79
-17.5,0.5,45
-16.5,0.5,52
-15.5,0.5,59
-14.5,0.5,73
-13.5,0.5,71
-12.5,0.5,56
-11.5,0.5,58
-10.5,0.5,38
-9.5,0.5,38
-8.5,0.5,22
-7.5,0.5,10
-6.5,0.5,11
-5.5,0.5,3
-4.5,0.5,19
-3.5,0.5,24
-2.5,0.5,26
-1.5,0.5,55
-0.5,0.5,55
